CASE_ID,ACCIDENT_YEAR,PROC_DATE,JURIS,COLLISION_DATE,COLLISION_TIME,OFFICER_ID,REPORTING_DISTRICT,DAY_OF_WEEK,CHP_SHIFT,POPULATION,CNTY_CITY_LOC,SPECIAL_COND,BEAT_TYPE,CHP_BEAT_TYPE,CITY_DIVISION_LAPD,CHP_BEAT_CLASS,BEAT_NUMBER,PRIMARY_RD,SECONDARY_RD,DISTANCE,DIRECTION,INTERSECTION,WEATHER_1,WEATHER_2,STATE_HWY_IND,CALTRANS_COUNTY,CALTRANS_DISTRICT,STATE_ROUTE,ROUTE_SUFFIX,POSTMILE_PREFIX,POSTMILE,LOCATION_TYPE,RAMP_INTERSECTION,SIDE_OF_HWY,TOW_AWAY,COLLISION_SEVERITY,NUMBER_KILLED,NUMBER_INJURED,PARTY_COUNT,PRIMARY_COLL_FACTOR,PCF_CODE_OF_VIOL,PCF_VIOL_CATEGORY,PCF_VIOLATION,PCF_VIOL_SUBSECTION,HIT_AND_RUN,TYPE_OF_COLLISION,MVIW,PED_ACTION,ROAD_SURFACE,ROAD_COND_1,ROAD_COND_2,LIGHTING,CONTROL_DEVICE,CHP_ROAD_TYPE,PEDESTRIAN_ACCIDENT,BICYCLE_ACCIDENT,MOTORCYCLE_ACCIDENT,TRUCK_ACCIDENT,NOT_PRIVATE_PROPERTY,ALCOHOL_INVOLVED,STWD_VEHTYPE_AT_FAULT,CHP_VEHTYPE_AT_FAULT,COUNT_SEVERE_INJ,COUNT_VISIBLE_INJ,COUNT_COMPLAINT_PAIN,COUNT_PED_KILLED,COUNT_PED_INJURED,COUNT_BICYCLIST_KILLED,COUNT_BICYCLIST_INJURED,COUNT_MC_KILLED,COUNT_MC_INJURED,PRIMARY_RAMP,SECONDARY_RAMP,LATITUDE,LONGITUDE,COUNTY,CITY,POINT_X,POINT_Y
9541993,2022,2023-01-20,5701,2022-11-07,1525,223,9,1,5,5,5701,0,0,0,,0,004,"MACE BL","COWELL BL",0.00,,Y,A,-,N,,,,,,,,,,Y,3,0,1,2,A,-,03,22350,,F,H,G,A,A,H,-,A,A,0,,Y,,,Y,,A,01,0,1,0,0,0,0,1,0,0,"- ","- ",38.549228668212891,-121.69481658935547,YOLO,DAVIS,-121.69438171386719,38.548801422119141
9541994,2022,2023-01-04,5701,2022-11-21,2137,247,1,1,5,5,5701,0,0,0,,0,001,"WEST COVELL BL","LAKE BL",0.00,,Y,A,-,N,,,,,,,,,,Y,2,0,2,2,A,-,01,23152,,N,A,C,A,A,H,-,C,A,0,,,,,Y,Y,A,01,2,0,0,0,0,0,0,0,0,"- ","- ",38.561088562011719,-121.78614807128906,YOLO,DAVIS,-121.78614807128906,38.561130523681641
9542315,2022,2023-01-17,5701,2022-11-18,1653,220,9,5,5,5,5701,0,0,0,,0,004,"MACE BL","2ND ST",555.00,S,N,A,-,N,,,,,,,,,,N,3,0,1,3,A,-,03,22350,,N,C,C,A,A,H,-,C,A,0,,,,,Y,,A,01,0,1,0,0,0,0,0,0,0,"- ","- ",38.550331115722656,-121.69389343261719,YOLO,DAVIS,-121.69429779052734,38.554977416992188
9542319,2022,2023-01-17,5701,2022-11-25,1218,239,5,5,5,5,5701,0,0,0,,0,002,"M ST","COLGATE DR",185.00,N,N,A,-,N,,,,,,,,,,N,3,0,1,2,D,-,00,,,N,D,C,A,A,H,-,A,D,0,,,,,Y,,-,"- ",0,1,0,0,0,0,0,0,0,"- ","- ",38.551368713378906,-121.73153686523438,YOLO,DAVIS,-121.73180389404297,38.551418304443359
9546962,2023,2023-03-01,5701,2023-02-07,1404,110,1,2,5,5,5701,0,0,0,,0,001,"SHASTA DR","COVELL BL",5.00,S,N,A,-,N,,,,,,,,,,N,2,0,1,2,A,-,03,22350,,N,C,C,A,A,H,-,A,A,0,,,,,Y,,A,01,1,0,0,0,0,0,0,0,0,"- ","- ",38.560848236083984,-121.77268981933594,YOLO,DAVIS,-121.77259826660156,38.560874938964844
9550751,2023,2023-04-13,5701,2023-02-12,1620,240,3,7,5,5,5701,0,0,0,,0,001,"RUSSELL BL","OAK AV",0.00,,Y,A,-,N,,,,,,,,,,N,2,0,1,2,A,-,09,21801,A,N,B,C,A,A,H,-,A,A,0,,,Y,,Y,,A,01,1,0,0,0,0,0,0,0,1,"- ","- ",38.546180725097656,-121.75279998779297,YOLO,DAVIS,-121.75279998779297,38.546188354492188
9550752,2023,2023-04-13,5701,2023-02-18,2142,60,7,6,5,5,5701,0,0,0,,0,003,"ALHAMBRA DR","MACE BL",0.00,,Y,A,-,N,,,,,,,,,,Y,4,0,2,2,A,-,12,21453,A,N,D,C,A,A,H,-,C,A,0,,,,,Y,,A,01,0,0,2,0,0,0,0,0,0,"- ","- ",38.558841705322266,-121.69405364990234,YOLO,DAVIS,-121.69419860839844,38.558826446533203
9550753,2023,2023-04-13,5701,2023-02-12,"155 ",236,5,7,5,5,5701,0,0,0,,0,002,"L ST","2ND ST",40.00,N,N,A,-,N,,,,,,,,,,Y,2,0,1,1,A,-,03,22350,,N,E,I,A,A,H,-,C,D,0,,,,,Y,,A,01,1,0,0,0,0,0,0,0,0,"- ","- ",38.544849395751953,-121.73349761962891,YOLO,DAVIS,-121.73345947265625,38.544906616210938
9550754,2023,2023-04-13,5701,2023-02-26,1653,248,4,7,5,5,5701,0,0,0,,0,002,"2ND ST","B ST",0.00,,Y,B,C,N,,,,,,,,,,Y,2,0,1,2,A,-,09,21802,A,N,D,C,A,B,H,-,A,A,0,,,,,Y,,M,94,1,0,0,0,0,0,0,0,0,"- ","- ",38.542800903320312,-121.74468231201172,YOLO,DAVIS,-121.74434661865234,38.542690277099609
9550755,2023,2023-04-13,5701,2023-02-15,1542,245,9,3,5,5,5701,0,0,0,,0,004,"MACE BL","CHILES RD",0.00,,Y,A,-,N,,,,,,,,,,N,3,0,2,3,A,-,03,22350,,N,C,C,A,A,H,-,A,A,0,,,,,Y,,A,01,0,2,0,0,0,0,0,0,0,"- ","- ",38.550491333007812,-121.69447326660156,YOLO,DAVIS,-121.69447326660156,38.550472259521484
9552590,2023,2023-02-25,5701,2023-02-07,2157,240,3,2,5,5,5701,0,0,0,,0,001,"WEST COVELL BL","OAK AV",0.00,,Y,A,-,N,,,,,,,,,,N,3,0,1,2,A,-,10,21950,A,N,G,B,B,A,H,-,C,A,0,Y,,,,Y,,A,01,0,1,0,0,1,0,0,0,0,"- ","- ",38.560848236083984,-121.75222015380859,YOLO,DAVIS,-121.75223541259766,38.560752868652344
9552633,2023,2023-03-02,5701,2023-01-17,1826,222,5,2,5,5,5701,0,0,0,,0,002,"COVELL BL","J ST",23.00,W,N,A,-,N,,,,,,,,,,N,3,0,1,2,A,-,03,22350,,N,C,C,A,A,H,-,C,A,0,,,,,Y,,A,07,0,1,0,0,0,0,0,0,0,"- ","- ",38.560680389404297,-121.73860168457031,YOLO,DAVIS,-121.73867034912109,38.560550689697266
9552634,2023,2023-03-02,5701,2023-01-18,1830,110,3,3,5,5,5701,0,0,0,,0,001,"RUSSELL BL","CALIFORNIA AV",0.00,,Y,A,-,N,,,,,,,,,,N,2,0,1,2,A,-,10,21950,A,N,H,G,A,A,H,-,C,A,0,,Y,,,Y,,A,01,1,0,0,0,0,0,1,0,0,"- ","- ",38.546600341796875,-121.75370788574219,YOLO,DAVIS,-121.7540283203125,38.546188354492188
9556567,2023,2023-04-05,5701,2023-02-24,2103,123,8,5,5,5,5701,0,0,0,,0,004,"RICHARDS BL","OLIVE DR",220.00,S,N,A,-,N,,,,,,,,,,N,3,0,1,2,A,-,09,21804,A,N,H,G,A,A,H,-,C,D,0,,Y,,,Y,,A,01,0,1,0,0,0,0,1,0,0,"- ","- ",38.540809631347656,-121.73863220214844,YOLO,DAVIS,-121.73789215087891,38.540561676025391
9557447,2023,2023-04-27,5701,2023-03-11,1530,231,4,6,5,5,5701,0,0,0,,0,002,"5TH ST","D ST",0.00,,Y,C,-,N,,,,,,,,,,N,3,0,1,2,A,-,09,21802,A,N,D,C,A,B,H,-,A,A,0,,,,,Y,,A,01,0,1,0,0,0,0,0,0,0,"- ","- ",38.546920776367188,-121.74324798583984,YOLO,DAVIS,-121.74324035644531,38.546947479248047
9558588,2023,2023-04-05,5701,2023-02-17,1907,239,3,5,5,5,5701,0,0,0,,0,001,"RUSSELL BL","CALIFORNIA AV",5.00,E,N,A,-,N,,,,,,,,,,N,2,0,1,2,A,-,09,21802,B,N,D,G,A,A,H,-,C,A,0,,Y,,,Y,Y,A,01,1,0,0,0,0,0,1,0,0,"- ","- ",38.546298980712891,-121.7540283203125,YOLO,DAVIS,-121.75401306152344,38.546188354492188
9558609,2023,2023-03-17,5701,2023-03-07,1312,1050,,2,5,5,5701,0,0,0,,0,,"LA RUE RD","RUSSELL BL",20.00,S,N,B,-,N,,,,,,,,,,N,3,0,1,2,A,-,09,21804,A,N,D,G,A,A,H,-,A,A,0,,Y,,,Y,,A,01,0,1,0,0,0,0,1,0,0,"- ","- ",38.546108245849609,-121.75856018066406,YOLO,DAVIS,-121.75887298583984,38.546184539794922
9558689,2023,2023-03-20,5701,2023-02-23,"820 ",227,5,4,5,5,5701,0,0,0,,0,002,"DREXEL DR","PACIFIC DR",160.00,E,N,A,-,N,,,,,,,,,,N,4,0,1,2,A,-,17,22517,,N,H,G,A,A,H,-,A,D,0,,Y,,,Y,,A,01,0,0,1,0,0,0,1,0,0,"- ","- ",38.557548522949219,-121.733642578125,YOLO,DAVIS,-121.73365783691406,38.557346343994141
9558690,2023,2023-03-20,5701,2023-02-10,1600,110,3,5,5,5,5701,0,0,0,,0,001,"WEST COVELL BL","OAK AV",0.00,E,N,A,-,N,,,,,,,,,,N,2,0,1,3,-,-,"- ",,,N,C,C,A,A,H,-,A,A,0,,,,,Y,,-,"- ",1,0,0,0,0,0,0,0,0,"- ","- ",38.560848236083984,-121.75222015380859,YOLO,DAVIS,-121.75223541259766,38.560752868652344
9562953,2023,2023-05-09,5701,2023-03-15,2013,246,7,3,5,5,5701,0,0,0,,0,003,"MACE BL","2ND ST",35.00,S,N,A,-,N,,,,,,,,,,N,3,0,1,2,A,-,03,22350,,N,C,C,A,A,H,-,C,A,0,,,,,Y,,A,07,0,1,0,0,0,0,0,0,0,"- ","- ",38.556568145751953,-121.69419860839844,YOLO,DAVIS,-121.69423675537109,38.556404113769531
9562954,2023,2023-05-09,5701,2023-03-11,1021,237,4,6,5,5,5701,0,0,0,,0,002,RUSSELL,"UNIVERSITY AV",56.00,E,N,B,C,N,,,,,,,,,,N,3,0,3,2,A,-,04,21703,,N,C,C,A,B,H,-,A,D,0,,,,,Y,,A,01,0,2,1,0,0,0,0,0,0,"- ","- ",38.546131134033203,-121.74722290039062,YOLO,DAVIS,-121.74641418457031,38.546180725097656
9563377,2023,2023-04-13,5701,2023-02-09,"855 ",251,2,4,5,5,5701,0,0,0,,0,001,"HANOVER DR","WEST COVELL BL",436.00,S,N,A,-,N,,,,,,,,,,N,2,0,1,2,A,-,03,22350,,N,G,B,D,A,H,-,A,D,0,Y,,,,Y,,A,01,1,0,0,0,1,0,0,0,0,"- ","- ",38.560199737548828,-121.75537872314453,YOLO,DAVIS,-121.75578308105469,38.560749053955078
9564081,2023,2023-04-20,5701,2023-03-28,"800 ",245,1,2,5,5,5701,0,0,0,,0,001,"RUSSELL BL","LAKE BL",0.00,,Y,C,-,N,,,,,,,,,,N,2,0,1,2,A,-,12,22450,A,N,H,G,A,B,H,-,A,D,0,,Y,,,Y,,A,01,1,0,0,0,0,0,1,0,0,"- ","- ",38.548809051513672,-121.79016876220703,YOLO,DAVIS,-121.7894287109375,38.546710968017578
9567841,2023,2023-06-13,5701,2023-05-12,1546,249,4,5,5,5,5701,0,0,0,,0,002,"W 8TH ST","OAK AV",90.00,W,N,A,-,N,,,,,,,,,,N,3,0,1,2,A,-,04,21703,,N,C,C,A,A,H,-,A,A,0,,,,,Y,,A,01,0,1,0,0,0,0,0,0,0,"- ","- ",38.550708770751953,-121.75273132324219,YOLO,DAVIS,-121.75301361083984,38.550739288330078
9577324,2023,2023-05-11,5701,2023-02-22,1428,251,8,3,5,5,5701,0,0,0,,0,004,"COWELL BL","LILLARD DR",0.00,,Y,A,-,N,,,,,,,,,,N,3,0,1,2,A,-,03,22350,,N,C,C,A,A,H,-,A,A,0,,,,,Y,,A,01,0,1,0,0,0,0,0,0,0,"- ","- ",38.541439056396484,-121.72280120849609,YOLO,DAVIS,-121.72284698486328,38.541366577148438
9579881,2023,2023-06-07,5701,2023-04-13,1615,240,1,4,5,5,5701,0,0,0,,0,001,"ARTHUR ST","S ADAMS ST",270.00,N,N,A,-,N,,,,,,,,,,Y,3,0,2,5,A,-,21,22106,,N,B,C,A,A,H,-,A,D,0,,Y,,,Y,,A,01,0,2,0,0,0,0,1,0,0,"- ","- ",38.551319122314453,-121.77031707763672,YOLO,DAVIS,-121.77034759521484,38.54931640625
9579882,2023,2023-06-08,5701,2023-04-15,1947,239,1,6,5,5,5701,0,0,0,,0,001,"COVELL BL","DENALI DR",45.00,E,N,A,-,N,,,,,,,,,,Y,2,0,6,2,A,-,09,21801,A,N,A,D,A,A,H,-,B,A,0,,,,,Y,,A,01,1,5,0,0,0,0,0,0,0,"- ","- ",38.561019897460938,-121.77938842773438,YOLO,DAVIS,-121.77923583984375,38.560985565185547
9579894,2023,2023-05-31,5701,2023-05-05,1240,72,4,5,5,5,5701,0,0,0,,0,002,"5TH ST","E ST",20.00,E,N,B,-,N,,,,,,,,,,Y,3,0,1,2,A,-,04,21703,,N,C,C,A,A,H,-,A,D,0,,,,,Y,,A,01,0,1,0,0,0,0,0,0,0,"- ","- ",38.547111511230469,-121.74214935302734,YOLO,DAVIS,-121.74213409423828,38.547142028808594
9579897,2023,2023-05-31,5701,2023-04-25,1116,106,9,2,5,5,5701,0,0,0,,0,004,"LILLARD DR","DRUMMOND AV",10.00,W,N,A,-,N,,,,,,,,,,N,3,0,1,2,A,-,08,22107,,N,H,G,A,A,H,-,A,D,0,,Y,,,Y,,L,04,0,1,0,0,0,0,1,0,0,"- ","- ",38.543418884277344,-121.71347808837891,YOLO,DAVIS,-121.71343231201172,38.543430328369141
9579898,2023,2023-05-31,5701,2023-04-25,1752,245,8,2,5,5,5701,0,0,0,,0,004,"COWELL BL","DREW AV",140.00,W,N,A,-,N,,,,,,,,,,N,3,0,2,2,A,-,03,22350,,N,C,C,A,A,H,-,A,A,0,,,,,Y,,A,01,0,1,1,0,0,0,0,0,0,"- ","- ",38.539890289306641,-121.72711181640625,YOLO,DAVIS,-121.72763061523438,38.539901733398438
9580263,2023,2023-06-14,5701,2023-05-20,1853,236,4,6,5,5,5701,0,0,0,,0,002,3RD,"A ST",0.00,,Y,A,-,N,,,,,,,,,,Y,3,0,1,2,D,-,00,,,N,H,G,A,A,H,-,A,A,0,,Y,,,Y,,-,"- ",0,1,0,0,0,0,1,0,0,"- ","- ",38.543560028076172,-121.74701690673828,YOLO,DAVIS,-121.74700927734375,38.543552398681641
9580264,2023,2023-06-14,5701,2023-05-24,1910,72,2,3,5,5,5701,0,0,0,,0,001,"SYCAMORE LN","HARVARD DR",0.00,,Y,A,-,N,,,,,,,,,,Y,3,0,1,2,A,-,09,21802,A,N,D,C,A,A,H,-,A,A,0,,,Y,,Y,,A,01,0,1,0,0,0,0,0,0,1,"- ","- ",38.552570343017578,-121.76500701904297,YOLO,DAVIS,-121.76497650146484,38.552589416503906
9580265,2023,2023-06-14,5701,2023-05-17,1508,222,5,3,5,5,5701,0,0,0,,0,002,"DREXEL DR","L ST",357.00,W,N,A,-,N,,,,,,,,,,N,2,0,1,3,A,-,21,22106,,N,G,B,E,A,H,-,A,D,0,Y,,,,Y,,A,01,1,0,0,0,1,0,0,0,0,"- ","- ",38.556270599365234,-121.73612976074219,YOLO,DAVIS,-121.73645782470703,38.557334899902344
9580430,2023,2023-06-08,5701,2023-05-10,1531,240,3,3,5,5,5701,0,0,0,,0,001,"F ST","COVELL BL",321.00,S,N,A,-,N,,,,,,,,,,N,4,0,1,2,A,-,04,21703,,N,C,C,A,A,H,-,A,D,0,,,,,Y,,D,22,0,0,1,0,0,0,0,0,0,"- ","- ",38.560779571533203,-121.74481964111328,YOLO,DAVIS,-121.74484252929688,38.559780120849609
9580515,2023,2023-06-07,5701,2023-04-09,1253,249,4,7,5,5,5701,0,0,0,,0,002,"B ST","4TH ST",100.00,S,N,A,-,N,,,,,,,,,,N,3,0,1,2,A,-,08,22107,,N,C,G,A,A,H,-,A,D,0,,Y,,,Y,,L,04,0,1,0,0,0,0,1,0,0,"- ","- ",38.545261383056641,-121.74507141113281,YOLO,DAVIS,-121.74501800537109,38.544971466064453
9580516,2023,2023-06-07,5701,2023-04-27,1902,246,6,4,5,5,5701,0,0,0,,0,003,"8TH ST","POLE LINE RD",400.00,E,N,A,-,N,,,,,,,,,,N,3,0,1,2,A,-,09,21804,A,N,H,G,A,A,H,-,A,D,0,,Y,,,Y,,A,01,0,1,0,0,0,0,1,0,0,"- ","- ",38.553421020507812,-121.72566986083984,YOLO,DAVIS,-121.72595977783203,38.553577423095703
9581184,2023,2023-06-26,5701,2023-05-25,1817,222,4,4,5,5,5701,0,0,0,,0,002,"B ST","4TH ST",215.00,S,N,A,-,N,,,,,,,,,,Y,2,0,2,2,A,-,11,21954,A,N,G,B,D,A,H,-,A,A,0,Y,,,,Y,,N,60,1,1,0,0,1,0,0,0,0,"- ","- ",38.545261383056641,-121.74507141113281,YOLO,DAVIS,-121.74493408203125,38.544662475585938
9581185,2023,2023-06-26,5701,2023-05-31,1719,222,4,3,5,5,5701,0,0,0,,0,002,"RUSSELL BL","HOWARD WY",8.00,W,N,A,-,N,,,,,,,,,,N,3,0,1,2,A,-,08,22107,,N,H,G,A,A,H,-,A,A,0,,Y,,,Y,,A,01,0,1,0,0,0,0,1,0,0,"- ","- ",38.546188354492188,-121.75080108642578,YOLO,DAVIS,-121.75083923339844,38.546169281005859
9581186,2023,2023-06-29,5701,2023-05-14,1503,222,4,7,5,5,5701,0,0,0,,0,002,"1ST ST","D ST",6.00,W,N,A,-,N,,,,,,,,,,N,3,0,2,2,A,-,03,22350,,N,C,C,A,A,H,-,C,A,0,,,,,Y,,A,01,0,2,0,0,0,0,0,0,0,"- ","- ",38.541751861572266,-121.74179077148438,YOLO,DAVIS,-121.74178314208984,38.541748046875
9581213,2023,2023-06-29,5701,2023-06-07,1745,246,4,3,5,5,5701,0,0,0,,0,002,"1ST ST","D ST",145.00,E,N,A,-,N,,,,,,,,,,N,3,0,1,2,A,-,03,22350,,N,H,G,A,A,H,-,A,A,0,,Y,,,Y,,L,04,0,1,0,0,0,0,1,0,0,"- ","- ",38.541751861572266,-121.74179077148438,YOLO,DAVIS,-121.74126434326172,38.541843414306641
9581214,2023,2023-07-05,5701,2023-06-04,1200,231,7,7,5,5,5701,0,0,0,,0,003,"MACE BL","2ND ST",0.00,,Y,A,-,N,,,,,,,,,,N,3,0,1,2,D,-,00,,,N,G,B,B,A,H,-,A,A,0,Y,,,,Y,,-,"- ",0,1,0,0,1,0,0,0,0,"- ","- ",38.556568145751953,-121.69419860839844,YOLO,DAVIS,-121.69423675537109,38.556503295898438
9581313,2023,2023-06-20,5701,2023-04-11,2058,222,6,2,5,5,5701,0,0,0,,0,003,"POLE LINE RD","S DIAMETER DR",265.00,N,N,A,-,N,,,,,,,,,,N,3,0,1,2,A,-,03,22350,,N,C,C,A,A,H,-,D,D,0,,,,,Y,,A,01,0,1,0,0,0,0,0,0,0,"- ","- ",38.548789978027344,-121.72647857666016,YOLO,DAVIS,-121.72687530517578,38.550926208496094
9581345,2023,2023-06-30,5701,2023-04-15,1615,221,5,6,5,5,5701,0,0,0,,0,002,"5TH ST","J ST",0.00,,Y,A,-,N,,,,,,,,,,N,3,0,1,2,A,-,01,23152,B,N,D,D,A,A,H,-,A,D,0,,,,Y,Y,Y,F,86,0,1,0,0,0,0,0,0,0,"- ","- ",38.548080444335938,-121.73663330078125,YOLO,DAVIS,-121.73662567138672,38.548080444335938
9581349,2023,2023-06-30,5701,2023-05-27,1502,249,5,6,5,5,5701,0,0,0,,0,002,"5TH ST","J ST",0.00,,Y,A,-,N,,,,,,,,,,Y,3,0,1,2,A,-,09,21802,A,N,D,C,A,A,H,-,A,D,0,,,,,Y,,D,72,0,1,0,0,0,0,0,0,0,"- ","- ",38.548080444335938,-121.73663330078125,YOLO,DAVIS,-121.73662567138672,38.548080444335938
9581717,2023,2023-06-30,5701,2023-05-25,1540,222,5,4,5,5,5701,0,0,0,,0,002,"5TH ST",K,12.00,W,N,A,-,N,,,,,,,,,,Y,3,0,2,2,A,-,03,22350,A,N,C,C,A,A,H,-,A,A,0,,,,,Y,,A,01,0,1,1,0,0,0,0,0,0,"- ","- ",38.548271179199219,-121.71552276611328,YOLO,DAVIS,-121.73558044433594,38.548263549804688
9582480,2023,2023-06-08,5701,2023-04-29,1249,94,3,6,5,5,5701,0,0,0,,0,001,"COVELL BL","SYCAMORE LN",0.00,,Y,A,-,N,,,,,,,,,,N,3,0,3,2,A,-,03,22350,,N,C,C,A,A,H,-,A,A,0,,,,,Y,,A,01,0,3,0,0,0,0,0,0,0,"- ","- ",38.560909271240234,-121.76381683349609,YOLO,DAVIS,-121.76383209228516,38.560798645019531
9585240,2023,2023-06-05,5701,2023-04-21,1741,1048,,5,5,5,5701,0,0,0,,0,UCD,"HUTCHISON DR","SAGE ST",0.00,,Y,A,-,N,,,,,,,,,,N,3,0,1,2,A,-,09,21804,A,N,D,G,A,A,H,-,A,A,0,,Y,,,Y,,-,,0,1,0,0,0,0,1,0,0,"- ","- ",38.5394287109375,-121.77181243896484,YOLO,DAVIS,-121.77176666259766,38.539440155029297
9585503,2023,2023-05-31,5701,2023-05-13,"819 ",72,5,6,5,5,5701,0,0,0,,0,002,"E 8TH ST","L ST",105.00,W,N,A,-,N,,,,,,,,,,N,3,0,1,2,A,-,21,22106,,N,G,B,F,A,H,-,A,D,0,Y,,,,Y,,A,01,0,1,0,0,1,0,0,0,0,"- ","- ",38.552719116210938,-121.73529815673828,YOLO,DAVIS,-121.73514556884766,38.552677154541016
9594504,2023,2023-06-27,5701,2023-04-28,1731,252,4,5,5,5,5701,0,0,0,,0,002,"A ST","E 8TH ST",0.00,,Y,A,-,N,,,,,,,,,,Y,3,0,1,2,A,-,09,21802,A,N,D,C,A,A,H,-,A,A,0,,,,,Y,,A,01,0,1,0,0,0,0,0,0,0,"- ","- ",38.550670623779297,-121.74771881103516,YOLO,DAVIS,-121.74771881103516,38.550689697265625
9594505,2023,2023-06-27,5701,2023-04-28,1609,252,4,5,5,5,5701,0,0,0,,0,002,"E ST","4TH ST",110.00,S,N,A,-,N,,,,,,,,,,N,2,0,1,2,A,-,09,21804,A,N,G,B,D,A,H,-,A,D,0,Y,,,,Y,,A,07,1,0,0,0,1,0,0,0,0,"- ","- ",38.545818328857422,-121.74179077148438,YOLO,DAVIS,-121.74173736572266,38.545524597167969
9594553,2023,2023-07-10,5701,2023-06-07,1923,243,3,3,5,5,5701,0,0,0,,0,001,"ALVARADO AV","CAMINO CT",0.00,,Y,A,-,N,,,,,,,,,,N,3,0,1,2,A,-,03,22350,,N,H,G,A,A,H,-,A,A,0,,Y,,Y,Y,,L,04,0,1,0,0,0,0,1,0,0,"- ","- ",38.561660766601562,-121.75328063964844,YOLO,DAVIS,-121.75231170654297,38.561679840087891
9595059,2023,2023-07-14,5701,2023-06-11,1537,237,1,7,5,5,5701,0,0,0,,0,001,"COVELL BL","SHASTA DR",657.00,W,N,A,-,N,,,,,,,,,,Y,4,0,1,1,A,-,03,22350,,N,E,I,A,A,H,-,A,D,0,,,,,Y,,A,01,0,0,1,0,0,0,0,0,0,"- ","- ",38.562850952148438,-121.77130126953125,YOLO,DAVIS,-121.77489471435547,38.560928344726562
9596714,2023,2023-07-26,5701,2023-05-12,1545,231,7,5,5,5,5701,0,0,0,,0,001,"2ND ST","MACE BL",652.00,W,N,A,-,N,,,,,,,,,,N,3,0,1,2,A,-,09,21804,,F,H,G,A,A,H,-,A,D,0,,Y,,,Y,,A,01,0,1,0,0,0,0,1,0,0,"- ","- ",38.558090209960938,-121.6971435546875,YOLO,DAVIS,-121.69631195068359,38.556026458740234
9596715,2023,2023-07-26,5701,2023-05-31,"222 ",250,6,3,5,5,5701,0,0,0,,0,003,"MOORE BL","WHISTLER CT",0.00,,Y,A,-,N,,,,,,,,,,Y,3,0,1,1,A,-,03,22350,,N,E,J,A,A,H,-,C,D,0,,,,,Y,,A,01,0,1,0,0,0,0,0,0,0,"- ","- ",38.564178466796875,-121.72109985351562,YOLO,DAVIS,-121.72190856933594,38.564388275146484
9597188,2023,2023-08-01,5701,2023-05-31,1058,248,2,3,5,5,5701,0,0,0,,0,001,"W 8TH ST","SYCAMORE LN",0.00,,Y,A,-,N,,,,,,,,,,N,3,0,1,2,A,-,12,22450,A,N,H,G,A,A,H,-,A,A,0,,Y,,,Y,,L,04,0,1,0,0,0,0,1,0,0,"- ","- ",38.55078125,-121.76429748535156,YOLO,DAVIS,-121.76427459716797,38.550788879394531
9597189,2023,2023-08-01,5701,2023-05-30,1029,221,5,2,5,5,5701,0,0,0,,0,005,"LEHIGH DR","POLE LINE RD",8.00,W,N,A,-,N,,,,,,,,,,N,4,0,1,2,A,-,10,21950,A,N,G,B,B,A,H,-,A,A,0,Y,,,,Y,,A,01,0,0,1,0,1,0,0,0,0,"- ","- ",38.551910400390625,-121.72696685791016,YOLO,DAVIS,-121.72702789306641,38.551910400390625