CASE_ID,ACCIDENT_YEAR,PROC_DATE,JURIS,COLLISION_DATE,COLLISION_TIME,OFFICER_ID,REPORTING_DISTRICT,DAY_OF_WEEK,CHP_SHIFT,POPULATION,CNTY_CITY_LOC,SPECIAL_COND,BEAT_TYPE,CHP_BEAT_TYPE,CITY_DIVISION_LAPD,CHP_BEAT_CLASS,BEAT_NUMBER,PRIMARY_RD,SECONDARY_RD,DISTANCE,DIRECTION,INTERSECTION,WEATHER_1,WEATHER_2,STATE_HWY_IND,CALTRANS_COUNTY,CALTRANS_DISTRICT,STATE_ROUTE,ROUTE_SUFFIX,POSTMILE_PREFIX,POSTMILE,LOCATION_TYPE,RAMP_INTERSECTION,SIDE_OF_HWY,TOW_AWAY,COLLISION_SEVERITY,NUMBER_KILLED,NUMBER_INJURED,PARTY_COUNT,PRIMARY_COLL_FACTOR,PCF_CODE_OF_VIOL,PCF_VIOL_CATEGORY,PCF_VIOLATION,PCF_VIOL_SUBSECTION,HIT_AND_RUN,TYPE_OF_COLLISION,MVIW,PED_ACTION,ROAD_SURFACE,ROAD_COND_1,ROAD_COND_2,LIGHTING,CONTROL_DEVICE,CHP_ROAD_TYPE,PEDESTRIAN_ACCIDENT,BICYCLE_ACCIDENT,MOTORCYCLE_ACCIDENT,TRUCK_ACCIDENT,NOT_PRIVATE_PROPERTY,ALCOHOL_INVOLVED,STWD_VEHTYPE_AT_FAULT,CHP_VEHTYPE_AT_FAULT,COUNT_SEVERE_INJ,COUNT_VISIBLE_INJ,COUNT_COMPLAINT_PAIN,COUNT_PED_KILLED,COUNT_PED_INJURED,COUNT_BICYCLIST_KILLED,COUNT_BICYCLIST_INJURED,COUNT_MC_KILLED,COUNT_MC_INJURED,PRIMARY_RAMP,SECONDARY_RAMP,LATITUDE,LONGITUDE,COUNTY,CITY,POINT_X,POINT_Y
9597190,2023,2023-08-01,5701,2023-05-11,1422,221,6,4,5,5,5701,0,0,0,,0,003,"POLE LINE RD","5TH ST",0.00,,Y,A,-,N,,,,,,,,,,N,4,0,1,2,A,-,03,22350,,N,C,C,A,A,H,-,A,A,0,,,,,Y,,A,01,0,0,1,0,0,0,0,0,0,"- ","- ",38.548789978027344,-121.72647857666016,YOLO,DAVIS,-121.7265625,38.548828125
9597806,2023,2023-08-02,5701,2023-06-26,1124,226,3,1,5,5,5701,0,0,0,,0,001,"OAK AV","WEST COVELL BL",24.00,S,N,A,-,N,,,,,,,,,,N,2,0,1,2,A,-,03,22350,,N,C,C,A,A,H,-,A,A,0,,,,,Y,,D,22,1,0,0,0,0,0,0,0,0,"- ","- ",38.560848236083984,-121.75222015380859,YOLO,DAVIS,-121.75224304199219,38.560684204101562
9597809,2023,2023-07-27,5701,2023-06-16,1545,231,6,5,5,5,5701,0,0,0,,0,003,"POLE LINE RD","5TH ST",1289.00,S,N,A,-,N,,,,,,,,,,N,3,0,3,3,A,-,03,22350,,N,C,C,A,A,H,-,A,A,0,,,,,Y,,A,01,0,3,0,0,0,0,0,0,0,"- ","- ",38.548671722412109,-121.72644805908203,YOLO,DAVIS,-121.72606658935547,38.545330047607422
9599148,2023,2024-01-23,5701,2023-10-15,"39  ",250,6,7,5,5,5701,0,0,0,,0,003,"EAST COVELL BL","WRIGHT BL",0.00,,Y,A,-,N,,,,,,,,,,Y,3,0,2,1,A,-,03,22350,,N,E,J,A,A,H,-,C,A,0,,,,,Y,Y,-,,0,2,0,0,0,0,0,0,0,"- ","- ",38.563388824462891,-121.71762084960938,YOLO,DAVIS,-121.71762084960938,38.563507080078125
9610476,2023,2023-09-01,5701,2023-08-02,1512,221,4,3,5,5,5701,0,0,0,,0,002,"5TH ST","D ST",0.00,,Y,A,-,N,,,,,,,,,,N,3,0,1,2,A,-,09,21802,A,N,D,C,A,A,H,-,A,A,0,,,,,Y,,A,01,0,1,0,0,0,0,0,0,0,"- ","- ",38.546920776367188,-121.74324798583984,YOLO,DAVIS,-121.74324035644531,38.546947479248047
9610543,2023,2023-09-01,5701,2023-07-07,1310,122,7,5,5,5,5701,0,0,0,,0,003,"5TH ST","CANTRILL DR",0.00,,Y,A,-,N,,,,,,,,,,N,4,0,2,2,A,-,09,21803,A,N,D,C,A,A,H,-,A,D,0,,,,,Y,,A,01,0,0,2,0,0,0,0,0,0,"- ","- ",38.551528930664062,-121.72135925292969,YOLO,DAVIS,-121.72007751464844,38.551540374755859
9611922,2023,2023-09-21,5701,2023-06-01,1000,110,9,4,5,5,5701,0,0,0,,0,004,"MACE BL","RT 80",0.00,,Y,A,-,Y,YOL,3,80,-,-,20.475,R,3,W,Y,2,0,2,2,C,-,18,,,N,D,C,A,A,H,-,A,A,0,,,,,Y,,-,"- ",2,0,0,0,0,0,0,0,0,"- ",WO,38.550331115722656,-121.69389343261719,YOLO,DAVIS,-121.6944580078125,38.552722930908203
9612208,2023,2023-09-19,5701,2023-07-18,1712,222,4,2,5,5,5701,0,0,0,,0,002,"B ST","8TH ST",0.00,,Y,A,-,N,,,,,,,,,,Y,3,0,3,3,A,-,12,21453,A,N,A,C,A,A,H,-,A,A,0,,,,,Y,,A,01,0,2,1,0,0,0,0,0,0,"- ","- ",38.550678253173828,-121.74635314941406,YOLO,DAVIS,-121.74636077880859,38.550670623779297
9612337,2023,2023-09-19,5701,2023-07-05,1834,240,2,3,5,5,5701,0,0,0,,0,001,"SYCAMORE LN","W 8TH ST",0.00,,Y,A,-,N,,,,,,,,,,Y,3,0,2,2,A,-,05,21650,,N,D,C,A,A,H,-,A,A,0,,,,,Y,,A,01,0,2,0,0,0,0,0,0,0,"- ","- ",38.55078125,-121.76429748535156,YOLO,DAVIS,-121.76427459716797,38.550788879394531
9618985,2023,2024-01-18,5701,2023-11-16,1400,226,3,4,5,5,5701,0,0,0,,0,001,"CATALINA DR","ALVARADO AV",0.00,,Y,A,-,N,,,,,,,,,,Y,3,0,3,2,A,-,09,21802,A,N,D,C,A,A,H,-,A,A,0,,,,Y,Y,,A,01,0,3,0,0,0,0,0,0,0,"- ","- ",37.561779022216797,-121.75039672851562,YOLO,DAVIS,-121.75039672851562,38.561786651611328
9619043,2023,2023-12-18,5701,2023-11-03,1722,250,4,5,5,5,5701,0,0,0,,0,002,"3RD ST","A ST",0.00,,Y,A,-,N,,,,,,,,,,N,3,0,1,2,A,-,12,22450,A,N,D,C,A,A,H,-,A,D,0,,Y,,,Y,,A,01,0,1,0,0,0,0,1,0,0,"- ","- ",38.543560028076172,-121.74701690673828,YOLO,DAVIS,-121.74700927734375,38.543552398681641
9619045,2023,2023-12-18,5701,2023-11-13,1013,254,2,1,5,5,5701,0,0,0,,0,001,"RUSSELL BL","ANDERSON RD",0.00,,Y,A,-,N,,,,,,,,,,Y,3,0,2,2,A,-,12,21453,A,N,D,C,A,A,H,-,A,A,0,,,,,Y,,A,01,0,1,1,0,0,0,0,0,0,"- ","- ",38.546379089355469,-121.75882720947266,YOLO,DAVIS,-121.75875854492188,38.546405792236328
9619086,2023,2023-12-26,5701,2023-10-14,1047,221,7,6,5,5,5701,0,0,0,,0,003,"5TH ST","POLE LINE RD",500.00,E,N,A,-,N,,,,,,,,,,N,3,0,1,2,A,-,10,21950,A,N,H,G,A,A,H,-,A,B,0,,Y,,,Y,,A,01,0,1,0,0,0,0,1,0,0,"- ","- ",38.548789978027344,-121.72648620605469,YOLO,DAVIS,-121.72486114501953,38.549098968505859
9619095,2023,2023-12-22,5701,2023-10-11,1140,240,3,3,5,5,5701,0,0,0,,0,001,"SYCAMORE LN","ALVARADO AV",0.00,,Y,A,-,N,,,,,,,,,,N,3,0,1,2,D,-,00,,,N,G,B,B,A,H,-,A,D,0,Y,,,,Y,,-,"- ",0,1,0,0,1,0,0,0,0,"- ","- ",38.562679290771484,-121.76448822021484,YOLO,DAVIS,-121.76392364501953,38.561752319335938
9620005,2023,2024-02-27,5701,2023-12-10,"208 ",60,5,7,5,5,5701,0,0,0,,0,002,"L ST","UNION DR",100.00,N,N,A,-,N,,,,,,,,,,Y,3,0,1,2,A,-,01,23152,A,N,C,E,A,A,H,-,C,D,0,,,,,Y,Y,A,01,0,1,0,0,0,0,0,0,0,"- ","- ",38.556339263916016,-121.73467254638672,YOLO,DAVIS,-121.73501586914062,38.556285858154297
9620063,2023,2024-01-03,5701,2023-07-29,1500,252,2,6,5,5,5701,0,0,0,,0,001,"ANDERSON RD","RUSSELL BL",0.00,,Y,A,-,N,,,,,,,,,,N,3,0,1,2,A,-,09,21800,A,F,H,G,A,A,H,-,A,A,0,,Y,,,Y,,A,07,0,1,0,0,0,0,1,0,0,"- ","- ",38.546379089355469,-121.75884246826172,YOLO,DAVIS,-121.75875854492188,38.546405792236328
9620434,2023,2023-10-12,5701,2023-09-30,1210,229,8,6,5,5,5701,0,0,0,,0,004,"RICHARDS BL","OLIVE DR",600.00,E,N,A,-,N,,,,,,,,,,Y,4,0,1,2,A,-,09,21801,A,N,D,D,A,A,H,-,A,D,0,,,,,Y,,A,01,0,0,1,0,0,0,0,0,0,"- ","- ",38.540119171142578,-121.73603820800781,YOLO,DAVIS,-121.73661041259766,38.540279388427734
9620435,2023,2023-10-12,5701,2023-09-16,"831 ",229,9,6,5,5,5701,0,0,0,,0,004,"COWELL BL","MACE BL",325.00,W,N,A,-,N,,,,,,,,,,N,3,0,1,2,A,-,09,21804,A,N,G,B,D,A,H,-,A,D,0,Y,,,,Y,,A,01,0,1,0,0,1,0,0,0,0,"- ","- ",38.548809051513672,-121.69447326660156,YOLO,DAVIS,-121.69549560546875,38.548667907714844
9620436,2023,2023-10-12,5701,2023-09-09,1525,237,7,6,5,5,5701,0,0,0,,0,003,"2ND ST","MACE BL",119.00,W,N,A,-,N,,,,,,,,,,N,4,0,1,2,A,-,04,21703,,N,C,C,A,A,H,-,A,D,0,,,,,Y,,A,01,0,0,1,0,0,0,0,0,0,"- ","- ",38.556568145751953,-121.69419860839844,YOLO,DAVIS,-121.69464874267578,38.556541442871094
9620437,2023,2023-10-12,5701,2023-09-27,1145,122,4,3,5,5,5701,0,0,0,,0,002,"I ST","3RD ST",0.00,,Y,A,-,N,,,,,,,,,,N,3,0,2,2,A,-,09,21801,A,N,A,C,A,A,H,-,B,D,0,,,,,Y,,A,01,0,2,0,0,0,0,0,0,0,"- ","- ",38.545890808105469,-121.73371887207031,YOLO,DAVIS,-121.73696899414062,38.545307159423828
9620438,2023,2023-10-12,5701,2023-09-22,1420,229,8,5,5,5,5701,0,0,0,,0,004,"RICHARDS BL","OLIVE DR",0.00,,Y,A,-,N,,,,,,,,,,N,4,0,2,2,A,-,12,21453,A,N,A,C,A,A,H,-,A,A,0,,,,,Y,,A,01,0,0,2,0,0,0,0,0,0,"- ","- ",38.540809631347656,-121.73863220214844,YOLO,DAVIS,-121.73858642578125,38.540809631347656
9620439,2023,2023-10-12,5701,2023-09-06,"226 ",236,2,3,5,5,5701,0,0,0,,0,001,"RUSSELL BL","LA RUE RD",28.00,W,N,A,-,N,,,,,,,,,,Y,2,0,1,1,A,-,03,22350,,N,E,I,A,A,H,-,C,A,0,,,,,Y,,A,01,1,0,0,0,0,0,0,0,0,"- ","- ",38.546730041503906,-121.75923919677734,YOLO,DAVIS,-121.75895690917969,38.546241760253906
9620883,2023,2023-10-24,5701,2023-08-28,1929,240,3,1,5,5,5701,0,0,0,,0,001,"ANDERSON RD","WEST COVELL BL",0.00,,Y,A,-,N,,,,,,,,,,Y,2,0,2,2,A,-,01,23152,F,N,H,G,A,A,H,-,A,A,0,,Y,,,Y,,A,01,1,1,0,0,0,0,1,0,0,"- ","- ",38.560871124267578,-121.75856781005859,YOLO,DAVIS,-121.75852203369141,38.560768127441406
9620974,2023,2023-12-11,5701,2023-10-03,"830 ",122,9,2,5,5,5701,0,0,0,,0,004,"SWINGLE DR","HAMEL ST",150.00,S,N,A,-,N,,,,,,,,,,N,4,0,1,2,A,-,21,22106,,N,G,B,E,A,H,-,A,D,0,Y,,,,Y,,A,01,0,0,1,0,1,0,0,0,0,"- ","- ",,,YOLO,DAVIS,-121.68901824951172,38.550457000732422
9621089,2023,2023-11-02,5701,2023-09-28,1355,122,1,4,5,5,5701,0,0,0,,0,001,"WEST COVELL BL","SHASTA DR",0.00,,Y,A,-,N,,,,,,,,,,Y,3,0,2,2,A,-,12,21457,A,N,D,C,A,A,D,-,A,A,0,,,,,Y,,A,01,0,1,1,0,0,0,0,0,0,"- ","- ",38.560848236083984,-121.77268981933594,YOLO,DAVIS,-121.77259826660156,38.560886383056641
9621352,2023,2023-11-16,5701,2023-10-01,1246,240,4,7,5,5,5701,0,0,0,,0,002,"E 8TH ST","A ST",0.00,,Y,A,-,N,,,,,,,,,,N,3,0,2,2,A,-,09,21802,A,N,D,C,A,A,H,-,A,A,0,,,,,Y,,A,01,0,1,1,0,0,0,0,0,0,"- ","- ",38.550670623779297,-121.74772644042969,YOLO,DAVIS,-121.74771881103516,38.550689697265625
9621904,2023,2023-10-14,5701,2023-09-30,2013,123,8,6,5,5,5701,0,0,0,,0,004,"OLIVE DR","RICHARDS BL",320.00,W,N,A,-,N,,,,,,,,,,N,4,0,1,2,A,-,05,21460,A,N,B,C,A,A,H,-,C,D,0,,,,,Y,,A,01,0,0,1,0,0,0,0,0,0,"- ","- ",38.540111541748047,-121.73979187011719,YOLO,DAVIS,-121.73929595947266,38.540130615234375
9621975,2023,2023-10-25,5701,2023-08-20,1714,229,9,7,5,5,5701,0,0,0,,0,004,"SCHMEISER AV","GLIDE DR",28.00,S,N,A,-,N,,,,,,,,,,Y,3,0,1,2,A,-,01,23152,A,M,A,E,A,A,H,-,A,D,0,,,,,Y,Y,A,07,0,1,0,0,0,0,0,0,0,"- ","- ",38.552150726318359,-121.38368988037109,YOLO,DAVIS,-121.68392181396484,38.552192687988281
9621976,2023,2023-10-30,5701,2023-08-18,1630,237,2,5,5,5,5701,0,0,0,,0,001,"RUSSELL BL","RT 113",4.00,W,N,A,-,Y,YOL,3,113,-,R,0.924,R,4,N,N,2,0,1,2,A,-,09,21804,A,N,H,G,A,A,H,-,A,D,0,,Y,,,Y,,A,01,1,0,0,0,0,0,1,0,0,"- ",NF,38.546939849853516,-121.80809020996094,YOLO,DAVIS,-121.76801300048828,38.544113159179688
9621996,2023,2023-10-16,5701,2023-07-30,1547,229,9,7,5,5,5701,0,0,0,,0,004,"CHILES RD","EL CEMONTE AV",0.00,,Y,A,-,N,,,,,,,,,,Y,3,0,3,2,A,-,09,21802,A,N,D,C,A,A,H,-,A,D,0,,,,,Y,,A,01,0,3,0,0,0,0,0,0,0,"- ","- ",38.551898956298828,-121.69187927246094,YOLO,DAVIS,-121.69187164306641,38.551895141601562
9622248,2023,2023-12-08,5701,2023-10-05,1557,246,6,4,5,5,5701,0,0,0,,0,003,"POLE LINE RD","DONNER AV",343.00,N,N,A,-,N,,,,,,,,,,N,3,0,2,2,A,-,08,22107,,N,D,C,A,A,H,-,A,D,0,,,,,Y,,A,01,0,2,0,0,0,0,0,0,0,"- ","- ",38.567588806152344,-121.73023223876953,YOLO,DAVIS,-121.73089599609375,38.566970825195312
9622311,2023,2023-12-16,5701,2023-10-08,1330,122,2,7,5,5,5701,0,0,0,,0,001,"WEST COVELL BL","ANDERSON RD",0.00,,Y,A,-,N,,,,,,,,,,N,3,0,1,2,A,-,03,22350,,N,C,D,A,A,H,-,A,A,0,,,,,Y,,A,08,0,1,0,0,0,0,0,0,0,"- ","- ",38.560909271240234,-121.76381683349609,YOLO,DAVIS,-121.75852203369141,38.560768127441406
9622885,2023,2024-01-10,5701,2023-09-09,"228 ",250,7,6,5,5,5701,0,0,0,,0,003,"ALHAMBRA DR","ARROYO AV",0.00,,Y,A,-,N,,,,,,,,,,N,3,0,1,2,A,-,12,22450,A,M,D,C,A,A,H,-,C,D,0,,,,,Y,,A,01,0,1,0,0,0,0,0,0,0,"- ","- ",38.557949066162109,-121.69921875,YOLO,DAVIS,-121.69921875,38.557952880859375
9627072,2023,2023-10-30,5701,2023-09-14,1604,245,9,4,5,5,5701,0,0,0,,0,004,"CHILES RD","RT 80",0.00,,Y,A,-,Y,YOL,3,80,-,-,2.492,R,4,E,N,3,0,1,2,A,-,03,22350,,N,C,C,A,A,H,-,A,A,0,,,,,Y,,E,22,0,1,0,0,0,0,0,0,0,"- ",EF,38.550491333007812,-121.69447326660156,YOLO,DAVIS,-121.69775390625,38.551971435546875
9627517,2023,2023-10-12,5701,2023-09-05,1351,122,4,2,5,5,5701,0,0,0,,0,002,"5TH ST","D ST",0.00,,Y,A,-,N,,,,,,,,,,Y,3,0,1,2,A,-,09,21802,A,N,D,D,A,A,H,-,A,D,0,,,,,Y,,A,01,0,1,0,0,0,0,0,0,0,"- ","- ",38.546920776367188,-121.74324798583984,YOLO,DAVIS,-121.74324035644531,38.546947479248047
9627518,2023,2023-10-12,5701,2023-09-13,1608,122,1,3,5,5,5701,0,0,0,,0,001,"WEST COVELL BL","SHASTA DR",0.00,,Y,A,-,N,,,,,,,,,,N,3,0,1,2,A,-,03,22350,,N,C,C,A,A,D,-,A,A,0,,,,,Y,,A,01,0,1,0,0,0,0,0,0,0,"- ","- ",38.560981750488281,-121.77268218994141,YOLO,DAVIS,-121.77259826660156,38.560886383056641
9629499,2023,2023-11-07,5701,2023-09-20,1345,243,5,3,5,5,5701,0,0,0,,0,002,"E 8TH ST","POLE LINE RD",0.00,,Y,A,-,N,,,,,,,,,,N,3,0,1,2,A,-,"- ",,,N,H,G,A,A,H,-,A,A,0,,Y,,,Y,Y,L,04,0,1,0,0,0,0,1,0,0,"- ","- ",38.5535888671875,-121.73005676269531,YOLO,DAVIS,-121.72732543945312,38.553371429443359
9629896,2023,2023-12-08,5701,2023-10-05,2109,242,8,4,5,5,5701,0,0,0,,0,004,"COWELL BL","RESEARCH PARK DR",80.00,W,N,A,-,N,,,,,,,,,,N,3,0,1,2,A,-,03,22350,,N,C,C,A,A,H,-,C,A,0,,,,,Y,Y,A,01,0,1,0,0,0,0,0,0,0,"- ","- ",38.544910430908203,-121.74051666259766,YOLO,DAVIS,-121.73139190673828,38.539958953857422
9631549,2023,2023-12-19,5701,2023-11-07,1833,245,9,2,5,5,5701,0,0,0,,0,004,"COWELL BL","LA VIDA WY",20.00,E,N,A,-,N,,,,,,,,,,N,3,0,1,2,A,-,11,21954,A,N,G,B,D,A,H,-,C,D,0,Y,,,,Y,,N,60,0,1,0,0,1,0,0,0,0,"- ","- ",38.548061370849609,-121.70320129394531,YOLO,DAVIS,-121.70317077636719,38.548069000244141
9631561,2023,2023-11-27,5701,2023-10-10,1234,239,3,2,5,5,5701,0,0,0,,0,001,"EAST COVELL BL","J ST",779.00,W,N,A,-,N,,,,,,,,,,Y,3,0,1,1,A,-,08,22107,,N,E,I,A,A,H,-,A,D,0,,,,,Y,,A,01,0,1,0,0,0,0,0,0,0,"- ","- ",38.560619354248047,-121.74134063720703,YOLO,DAVIS,-121.74131011962891,38.56060791015625
9635629,2023,2024-02-27,5701,2023-12-01,1752,237,2,5,5,5,5701,0,0,0,,0,001,"ANDERSON RD","AMHERST DR",274.00,S,N,A,-,N,,,,,,,,,,N,2,0,1,2,A,-,08,22103,,N,E,J,A,A,H,-,C,D,0,,,Y,,Y,,A,01,1,0,0,0,0,0,0,0,1,"- ","- ",38.550788879394531,-121.7586669921875,YOLO,DAVIS,-121.75868988037109,38.551536560058594
9635651,2023,2024-01-03,5701,2023-11-09,1536,239,4,4,5,5,5701,0,0,0,,0,002,"F ST","8TH ST",63.00,N,N,A,-,N,,,,,,,,,,N,3,0,1,2,A,-,03,22350,,N,C,C,A,A,H,-,A,D,0,,,,,Y,,A,01,0,1,0,0,0,0,0,0,0,"- ","- ",38.551399230957031,-121.74201202392578,YOLO,DAVIS,-121.74211120605469,38.551551818847656
9635748,2023,2023-12-30,5701,2023-10-23,1304,245,9,1,5,5,5701,0,0,0,,0,004,"CHILES RD","MACE BL",0.00,,Y,A,-,N,,,,,,,,,,N,3,0,1,2,A,-,12,21453,A,N,D,C,A,A,H,-,A,A,0,,,,,Y,,D,22,0,1,0,0,0,0,0,0,0,"- ","- ",38.550491333007812,-121.69447326660156,YOLO,DAVIS,-121.69447326660156,38.550472259521484
9635941,2023,2024-02-17,5701,2023-12-05,1803,223,9,2,5,5,5701,0,0,0,,0,004,"E CHILES RD","MACE BL",3448.00,E,N,A,-,N,,,,,,,,,,N,3,0,1,2,A,-,05,21650,,N,H,G,A,A,H,-,D,D,0,,Y,,,Y,,L,04,0,1,0,0,0,0,1,0,0,"- ","- ",38.554218292236328,-121.68553924560547,YOLO,DAVIS,-121.68406677246094,38.554924011230469
9636071,2023,2024-02-27,5701,2023-12-04,1550,122,9,1,5,5,5701,0,0,0,,0,004,"CHILES RD","ENSENADA DR",0.00,,Y,A,-,N,,,,,,,,,,N,3,0,3,2,A,-,03,22350,,N,C,C,A,A,H,-,A,D,0,,,,Y,Y,,F,26,0,1,2,0,0,0,0,0,0,"- ","- ",38.551090240478516,-121.70097351074219,YOLO,DAVIS,-121.70097351074219,38.551078796386719
9636926,2023,2023-11-30,5701,2023-10-25,"830 ",254,8,3,5,5,5701,0,0,0,,0,004,"COWELL BL","VALDORA ST",0.00,,Y,A,-,N,,,,,,,,,,N,3,0,1,2,A,-,17,21663,,N,H,G,A,A,H,-,A,A,0,,Y,,,Y,,L,04,0,1,0,0,0,0,1,0,0,"- ","- ",38.540149688720703,-121.72456359863281,YOLO,DAVIS,-121.72455596923828,38.540061950683594
9637949,2022,2023-11-22,5701,2022-12-18,0920,220,,7,5,5,5701,0,0,0,,0,,"POLE LINE RD","MADRONE LN",58.00,N,N,A,-,N,,,,,,,,,,N,3,0,1,1,A,-,08,22107,,N,E,I,A,A,H,-,A,C,0,,,,,Y,,A,07,0,1,0,0,0,0,0,0,0,"- ","- ",38.358718872070312,-121.72953796386719,YOLO,DAVIS,-121.72931671142578,38.558921813964844
9638712,2023,2023-11-20,5701,2023-09-05,"755 ",221,8,2,5,5,5701,0,0,0,,0,004,"RICHARDS BL","OLIVE DR",22.00,S,N,A,-,N,,,,,,,,,,N,4,0,2,2,A,-,03,22350,,N,C,C,A,A,H,-,A,A,0,,,,,Y,,A,01,0,0,2,0,0,0,0,0,0,"- ","- ",38.540809631347656,-121.73863220214844,YOLO,DAVIS,-121.73851776123047,38.540782928466797
9644166,2023,2023-12-08,5701,2023-10-28,"40  ",123,8,6,5,5,5701,0,0,0,,0,004,"COWELL BL","VALDORA ST",0.00,,Y,A,-,N,,,,,,,,,,N,4,0,2,2,A,-,03,22350,,F,C,C,A,A,H,-,C,A,0,,,,,Y,,A,01,0,0,2,0,0,0,0,0,0,"- ","- ",38.541698455810547,-121.72470855712891,YOLO,DAVIS,-121.72455596923828,38.540061950683594
9644169,2023,2023-12-08,5701,2023-10-26,1606,246,4,4,5,5,5701,0,0,0,,0,002,"1ST ST","RICHARDS BL",0.00,,Y,A,-,N,,,,,,,,,,N,4,0,1,2,A,-,10,21950,A,F,G,B,B,A,H,-,A,A,0,Y,,,,Y,,A,01,0,0,1,0,1,0,0,0,0,"- ","- ",38.541950225830078,-121.74067687988281,YOLO,DAVIS,-121.74069976806641,38.541961669921875
9646726,2023,2024-01-17,5701,2023-11-02,1125,239,4,4,5,5,5701,0,0,0,,0,002,"F ST","2ND ST",197.00,N,N,A,-,N,,,,,,,,,,N,3,0,1,2,A,-,06,21750,A,N,B,C,A,A,H,-,A,D,0,,,,,Y,,D,22,0,1,0,0,0,0,0,0,0,"- ","- ",38.544071197509766,-121.73989105224609,YOLO,DAVIS,-121.74010467529297,38.543968200683594
9647001,2023,2024-01-20,5701,2023-11-09,1827,220,1,4,5,5,5701,0,0,0,,0,001,"MARINA CIR","LAKE BL",9.00,W,N,A,-,N,,,,,,,,,,N,3,0,1,2,A,-,09,21802,A,N,H,G,A,A,H,-,C,A,0,,Y,,,Y,,A,01,0,1,0,0,0,0,1,0,0,"- ","- ",38.548561096191406,-121.78896331787109,YOLO,DAVIS,-121.78904724121094,38.548629760742188
9647160,2023,2023-12-19,5701,2023-11-22,2022,246,6,3,5,5,5701,0,0,0,,0,003,"POLE LINE RD","8TH ST",7.00,N,N,A,-,N,,,,,,,,,,N,4,0,2,2,A,-,12,21453,A,N,D,C,A,A,H,-,C,A,0,,,,,Y,,A,01,0,0,2,0,0,0,0,0,0,"- ","- ",38.553379058837891,-121.72737121582031,YOLO,DAVIS,-121.72732543945312,38.553390502929688
9647164,2023,2023-12-18,5701,2023-10-31,1653,246,6,2,5,5,5701,0,0,0,,0,003,"EAST COVELL BL","WRIGHT BL",15.00,E,N,A,-,N,,,,,,,,,,N,3,0,1,2,A,-,03,22350,,N,C,C,A,A,H,-,A,A,0,,,,,Y,,D,22,0,1,0,0,0,0,0,0,0,"- ","- ",38.563388824462891,-121.71762084960938,YOLO,DAVIS,-121.71756744384766,38.563514709472656
9647241,2023,2024-01-18,5701,2023-11-26,2008,123,8,7,5,5,5701,0,0,0,,0,004,"RICHARDS BL","OLIVE DR",70.00,N,N,A,-,N,,,,,,,,,,N,3,0,2,2,A,-,01,23152,A,N,C,C,A,A,H,-,C,A,0,,,,,Y,Y,A,01,0,2,0,0,0,0,0,0,0,"- ","- ",38.540679931640625,-121.73967742919922,YOLO,DAVIS,-121.73880004882812,38.540912628173828
9647242,2023,2024-01-18,5701,2023-11-17,1954,123,9,5,5,5,5701,0,0,0,,0,004,"MACE BL","BLUE OAK LN",0.00,,Y,C,-,N,,,,,,,,,,Y,4,0,1,1,A,-,03,22350,,N,E,I,A,B,H,-,C,D,0,,,,,Y,,A,07,0,0,1,0,0,0,0,0,0,"- ","- ",38.543109893798828,-121.69551086425781,YOLO,DAVIS,-121.69451904296875,38.542564392089844