CASE_ID,ACCIDENT_YEAR,PROC_DATE,JURIS,COLLISION_DATE,COLLISION_TIME,OFFICER_ID,REPORTING_DISTRICT,DAY_OF_WEEK,CHP_SHIFT,POPULATION,CNTY_CITY_LOC,SPECIAL_COND,BEAT_TYPE,CHP_BEAT_TYPE,CITY_DIVISION_LAPD,CHP_BEAT_CLASS,BEAT_NUMBER,PRIMARY_RD,SECONDARY_RD,DISTANCE,DIRECTION,INTERSECTION,WEATHER_1,WEATHER_2,STATE_HWY_IND,CALTRANS_COUNTY,CALTRANS_DISTRICT,STATE_ROUTE,ROUTE_SUFFIX,POSTMILE_PREFIX,POSTMILE,LOCATION_TYPE,RAMP_INTERSECTION,SIDE_OF_HWY,TOW_AWAY,COLLISION_SEVERITY,NUMBER_KILLED,NUMBER_INJURED,PARTY_COUNT,PRIMARY_COLL_FACTOR,PCF_CODE_OF_VIOL,PCF_VIOL_CATEGORY,PCF_VIOLATION,PCF_VIOL_SUBSECTION,HIT_AND_RUN,TYPE_OF_COLLISION,MVIW,PED_ACTION,ROAD_SURFACE,ROAD_COND_1,ROAD_COND_2,LIGHTING,CONTROL_DEVICE,CHP_ROAD_TYPE,PEDESTRIAN_ACCIDENT,BICYCLE_ACCIDENT,MOTORCYCLE_ACCIDENT,TRUCK_ACCIDENT,NOT_PRIVATE_PROPERTY,ALCOHOL_INVOLVED,STWD_VEHTYPE_AT_FAULT,CHP_VEHTYPE_AT_FAULT,COUNT_SEVERE_INJ,COUNT_VISIBLE_INJ,COUNT_COMPLAINT_PAIN,COUNT_PED_KILLED,COUNT_PED_INJURED,COUNT_BICYCLIST_KILLED,COUNT_BICYCLIST_INJURED,COUNT_MC_KILLED,COUNT_MC_INJURED,PRIMARY_RAMP,SECONDARY_RAMP,LATITUDE,LONGITUDE,COUNTY,CITY,POINT_X,POINT_Y
9706881,2024,2024-07-03,5701,2024-05-02,1614,253,4,4,5,5,5701,0,0,0,,0,002,"2ND ST","B ST",6.00,E,N,A,-,N,,,,,,,,,,N,3,0,1,2,A,-,10,21950,A,N,G,B,B,A,H,-,A,D,0,Y,,,,Y,,N,60,0,1,0,0,1,0,0,0,0,"- ","- ",38.542598724365234,-121.74440765380859,YOLO,DAVIS,-121.74433135986328,38.542694091796875
9709237,2024,2024-08-05,5701,2024-06-25,1043,256,6,2,5,5,5701,0,0,0,,0,003,"POLE LINE RD","COVELL BL",80.00,E,N,A,-,N,,,,,,,,,,N,3,0,3,3,A,-,03,22350,,N,C,C,A,A,H,-,A,A,0,,,,,Y,,A,01,0,3,0,0,0,0,0,0,0,"- ","- ",38.562389373779297,-121.73107147216797,YOLO,DAVIS,-121.73105621337891,38.562400817871094
9710664,2024,2024-08-20,5701,2024-07-08,1806,246,4,1,5,5,5701,0,0,0,,0,002,"E 8TH ST","A ST",27.00,W,N,A,-,N,,,,,,,,,,N,3,0,3,2,A,-,09,21802,A,N,D,C,A,A,H,-,A,A,0,,,,,Y,,A,01,0,3,0,0,0,0,0,0,0,"- ","- ",38.550670623779297,-121.74772644042969,YOLO,DAVIS,-121.74771881103516,38.550689697265625
9711483,2024,2024-08-23,5701,2024-07-28,1144,237,1,7,5,5,5701,0,0,0,,0,001,"RUSSELL BL","LAKE BL",1115.00,E,N,A,-,N,,,,,,,,,,Y,3,0,4,2,A,-,03,22350,,N,C,C,A,A,H,-,A,D,0,,,,,Y,,A,01,0,2,2,0,0,0,0,0,0,"- ","- ",38.546699523925781,-121.78928375244141,YOLO,DAVIS,-121.78553009033203,38.546646118164062
9711484,2024,2024-08-23,5701,2024-07-17,1644,222,7,3,5,5,5701,0,0,0,,0,003,"EAST COVELL BL","BAYWOOD LN",940.00,E,N,A,-,N,,,,,,,,,,Y,3,0,2,2,A,-,09,21802,A,N,D,C,A,A,H,-,A,A,0,,,,,Y,,A,01,0,1,1,0,0,0,0,0,0,"- ","- ",38.562751770019531,-121.72113800048828,YOLO,DAVIS,-121.72093200683594,38.563213348388672
9711836,2024,2024-09-18,5701,2024-07-08,2126,222,6,1,5,5,5701,0,0,0,,0,003,"MONARCH LN","BRYANT PL",50.00,N,N,A,-,N,,,,,,,,,,Y,3,0,1,2,A,-,01,23152,A,N,A,C,A,A,H,-,C,A,0,,,,,Y,Y,A,01,0,1,0,0,0,0,0,0,0,"- ","- ",38.56365966796875,-121.71457672119141,YOLO,DAVIS,-121.71454620361328,38.563365936279297
9711837,2024,2024-08-27,5701,2024-07-15,"740 ",227,9,1,5,5,5701,0,0,0,,0,004,"MACE BL","CHILES RD",36.00,S,N,A,-,N,,,,,,,,,,Y,3,0,2,2,A,-,05,21651,B,N,D,C,A,A,H,-,A,A,0,,,,,Y,,A,07,0,1,1,0,0,0,0,0,0,"- ","- ",38.550491333007812,-121.69447326660156,YOLO,DAVIS,-121.69446563720703,38.550369262695312
9713042,2024,2024-08-14,5701,2024-06-09,"226 ",60,4,7,5,5,5701,0,0,0,,0,002,"7TH ST","E ST",0.00,,Y,A,-,N,,,,,,,,,,Y,3,0,1,2,A,-,01,23152,A,M,D,E,A,A,H,-,C,A,0,,,,,Y,Y,A,01,0,1,0,0,0,0,0,0,0,"- ","- ",38.549930572509766,-121.74295043945312,YOLO,DAVIS,-121.74288940429688,38.549934387207031
9713043,2024,2024-08-14,5701,2024-05-30,1205,221,3,4,5,5,5701,0,0,0,,0,001,"RUSSELL BL","SOUTH CAMPUS WY",0.00,,Y,A,-,N,,,,,,,,,,Y,3,0,2,2,A,-,09,21802,A,N,D,C,A,A,H,-,A,A,0,,,,,Y,,-,,0,1,1,0,0,0,0,0,0,"- ","- ",38.546379089355469,-121.75882720947266,YOLO,DAVIS,-121.75659942626953,38.546218872070312
9713044,2024,2024-08-14,5701,2024-06-04,1138,122,4,2,5,5,5701,0,0,0,,0,002,"1ST ST","C ST",0.00,,Y,A,-,N,,,,,,,,,,N,3,0,1,2,A,-,09,21802,A,N,A,C,A,A,H,-,A,D,0,,,,,Y,,A,01,0,1,0,0,0,0,0,0,0,"- ","- ",38.541561126708984,-121.74288940429688,YOLO,DAVIS,-121.74286651611328,38.541572570800781
9713046,2024,2024-08-14,5701,2024-06-13,1300,226,2,4,5,5,5701,0,0,0,,0,001,"RUSSELL BL","SYCAMORE LN",324.00,E,N,A,-,N,,,,,,,,,,N,3,0,1,2,A,-,03,22350,,N,C,C,A,A,H,-,A,A,0,,,,,Y,,A,01,0,1,0,0,0,0,0,0,0,"- ","- ",38.546279907226562,-121.76181793212891,YOLO,DAVIS,-121.76068878173828,38.546287536621094
9713047,2024,2024-08-14,5701,2024-06-03,"835 ",221,3,1,5,5,5701,0,0,0,,0,001,"RUSSELL BL","OAK AV",40.00,W,N,A,-,N,,,,,,,,,,N,3,0,2,2,A,-,09,21802,A,N,H,G,A,A,H,-,A,D,0,,Y,Y,,Y,,L,04,0,2,0,0,0,0,1,0,1,"- ","- ",38.546180725097656,-121.75279998779297,YOLO,DAVIS,-121.75293731689453,38.546188354492188
9713490,2024,2024-07-11,5701,2024-05-23,"807 ",227,9,4,5,5,5701,0,0,0,,0,,"COWELL BL","ENSENADA DR",0.00,,Y,A,-,N,,,,,,,,,,N,3,0,1,2,A,-,12,22450,A,N,H,G,A,A,H,-,A,A,0,,Y,,,Y,,L,04,0,1,0,0,0,0,1,0,0,"- ","- ",38.547000885009766,-121.69899749755859,YOLO,DAVIS,-121.69953918457031,38.547847747802734
9713491,2024,2024-07-11,5701,2024-05-25,2127,240,3,6,5,5,5701,0,0,0,,0,001,"RUSSELL BL","CAMPUS WY",0.00,,Y,A,-,N,,,,,,,,,,Y,4,0,1,1,A,-,"- ",,,N,E,I,A,A,H,-,C,D,0,,,,,Y,,A,01,0,0,1,0,0,0,0,0,0,"- ","- ",38.546001434326172,-121.75599670410156,YOLO,DAVIS,-121.75659942626953,38.546218872070312
9718325,2024,2024-09-06,5701,2024-07-03,2136,256,8,3,5,5,5701,0,0,0,,0,004,"OLIVE DR","RICHARDS BL",435.00,E,N,A,-,N,,,,,,,,,,N,4,0,1,2,A,-,08,22107,,N,B,C,A,A,H,-,C,D,0,,Y,,,Y,,A,01,0,0,1,0,0,0,1,0,0,"- ","- ",38.541488647460938,-121.73712921142578,YOLO,DAVIS,-121.73745727539062,38.541603088378906
9718349,2024,2024-07-30,5701,2024-06-07,1600,256,8,5,5,5,5701,0,0,0,,0,004,"POLE LINE RD","COWELL BL",228.00,W,N,A,-,N,,,,,,,,,,N,3,0,1,2,A,-,08,22107,,N,C,C,A,A,H,-,A,A,0,,,,,Y,,A,01,0,1,0,0,0,0,0,0,0,"- ","- ",38.543678283691406,-121.72231292724609,YOLO,DAVIS,-121.72371673583984,38.541603088378906
9718350,2024,2024-08-16,5701,2024-06-06,"822 ",256,3,4,5,5,5701,0,0,0,,0,001,"CATALINA DR","CORONA DR",336.00,E,N,A,-,N,,,,,,,,,,N,3,0,2,2,A,-,10,21950,A,N,D,G,A,A,H,-,A,D,0,,Y,,,Y,,A,01,0,2,0,0,0,0,1,0,0,"- ","- ",38.567729949951172,-121.75531768798828,YOLO,DAVIS,-121.75556945800781,38.568050384521484
9718351,2024,2024-08-27,5701,2024-06-15,1500,244,7,6,5,5,5701,0,0,0,,0,003,"2ND ST","L ST",712.00,E,N,A,-,N,,,,,,,,,,Y,3,0,1,2,A,-,09,21801,A,N,D,C,A,A,H,-,A,D,0,,,,,Y,,D,22,0,1,0,0,0,0,0,0,0,"- ","- ",38.545810699462891,-121.731201171875,YOLO,DAVIS,-121.73104858398438,38.545360565185547
9718352,2024,2024-07-30,5701,2024-06-24,1431,245,2,1,5,5,5701,0,0,0,,0,001,"WEST COVELL BL","ANDERSON RD",270.00,E,N,A,-,N,,,,,,,,,,Y,3,0,1,2,A,-,07,21658,A,N,D,E,A,A,H,-,A,D,0,,,,,Y,,A,01,0,1,0,0,0,0,0,0,0,"- ","- ",38.560871124267578,-121.75856781005859,YOLO,DAVIS,-121.75757598876953,38.560749053955078
9721693,2024,2024-08-13,5701,2024-06-28,1147,122,4,5,5,5,5701,0,0,0,,0,002,"RUSSELL BL","MILLER DR",0.00,,Y,A,-,N,,,,,,,,,,N,2,0,1,2,A,-,09,21802,A,N,H,G,A,A,H,-,A,D,0,,Y,,,Y,,L,04,1,0,0,0,0,0,1,0,0,"- ","- ",38.546001434326172,-121.74800109863281,YOLO,DAVIS,-121.74892425537109,38.546134948730469
9722924,2024,2024-09-16,5701,2024-07-13,"530 ",60,5,6,5,5,5701,0,0,0,,0,002,"EAST COVELL BL","POLE LINE RD",350.00,,N,A,-,N,,,,,,,,,,Y,3,0,1,1,A,-,01,23152,A,N,E,I,A,A,H,-,A,D,0,,,,,Y,Y,A,01,0,1,0,0,0,0,0,0,0,"- ","- ",38.562431335449219,-121.73027038574219,YOLO,DAVIS,-121.73106384277344,38.562400817871094
9723533,2024,2024-10-10,5701,2024-09-11,2345,123,8,3,5,5,5701,0,0,0,,0,004,"COWELL BL","DREW CI",485.00,W,N,A,-,N,,,,,,,,,,Y,4,0,1,2,A,-,09,21804,A,N,D,C,A,A,H,-,C,D,0,,,,,Y,,A,01,0,0,1,0,0,0,0,0,0,"- ","- ",38.539939880371094,-121.72894287109375,YOLO,DAVIS,-121.72883605957031,38.539936065673828
9723534,2024,2024-10-10,5701,2024-09-20,1507,253,4,5,5,5,5701,0,0,0,,0,002,"5TH ST","D ST",39.00,W,N,A,-,N,,,,,,,,,,N,3,0,1,2,A,-,08,22100,B,N,D,C,A,A,H,-,A,A,0,,,,,Y,,A,01,0,1,0,0,0,0,0,0,0,"- ","- ",38.546920776367188,-121.74324798583984,YOLO,DAVIS,-121.74337005615234,38.546928405761719
9723557,2024,2024-10-10,5701,2024-08-21,1627,240,4,3,5,5,5701,0,0,0,,0,002,"5TH ST","D ST",0.00,,Y,A,-,N,,,,,,,,,,Y,2,0,1,2,A,-,01,23152,A,N,D,C,A,A,H,-,A,A,0,,,,,Y,Y,A,01,1,0,0,0,0,0,0,0,0,"- ","- ",38.546920776367188,-121.74324798583984,YOLO,DAVIS,-121.74324035644531,38.546947479248047
9723558,2024,2024-10-09,5701,2024-08-21,2100,240,2,3,5,5,5701,0,0,0,,0,001,"WAKE FOREST DR","GUAVA LN",65.00,E,N,A,-,N,,,,,,,,,,N,2,0,1,2,A,-,09,21804,A,N,H,G,A,A,H,-,C,D,0,,Y,,,Y,,A,01,1,0,0,0,0,0,1,0,0,"- ","- ",38.548599243164062,-121.76634216308594,YOLO,DAVIS,-121.76612854003906,38.548515319824219
9723737,2024,2024-10-15,5701,2024-07-31,1215,72,8,3,5,5,5701,0,0,0,,0,004,"COWELL BL","RESEARCH PARK DR",350.00,E,N,A,-,N,,,,,,,,,,N,3,0,1,2,D,-,00,,,N,A,C,A,A,H,-,A,D,0,,,,,Y,,-,"- ",0,1,0,0,0,0,0,0,0,"- ","- ",38.544910430908203,-121.94052124023438,YOLO,DAVIS,-121.73016357421875,38.539981842041016
9724006,2024,2024-10-16,5701,2024-09-19,1647,240,2,4,5,5,5701,0,0,0,,0,001,"VILLANOVA DR","ANDERSON RD",0.00,,Y,A,-,N,,,,,,,,,,N,3,0,1,2,A,-,09,21801,A,N,H,G,A,A,H,-,A,A,0,,Y,,,Y,,A,01,0,1,0,0,0,0,1,0,0,"- ","- ",38.556159973144531,-121.75858306884766,YOLO,DAVIS,-121.75859069824219,38.556190490722656
9727997,2024,2024-09-03,5701,2024-08-11,"413 ",24-03250,7,7,5,5,5701,0,0,0,,0,003,"CHAPMAN PL","MADRONE LN",250.00,W,N,A,-,N,,,,,,,,,,N,3,0,1,2,A,-,03,22350,,N,H,G,A,A,H,-,C,D,0,,Y,,,Y,,L,04,0,1,0,0,0,0,1,0,0,"- ","- ",38.56182861328125,-121.73024749755859,YOLO,DAVIS,-121.72980499267578,38.561603546142578
9739556,2024,2024-10-09,5701,2024-08-26,1545,222,4,1,5,5,5701,0,0,0,,0,002,"COLLEGE PARK","RUSSELL BL",32.00,N,N,A,-,N,,,,,,,,,,N,3,0,1,2,A,-,12,21453,A,N,A,C,A,A,H,-,A,A,0,,,,,Y,,A,01,0,1,0,0,0,0,0,0,0,"- ","- ",38.546180725097656,-121.75080108642578,YOLO,DAVIS,-121.75082397460938,38.546367645263672
9739644,2024,2024-10-04,5701,2024-08-20,"751 ",226,3,2,5,5,5701,0,0,0,,0,001,"RUSSELL BL","OAK AV",0.00,,Y,A,-,N,,,,,,,,,,N,3,0,1,2,D,-,00,,,N,H,G,A,A,H,-,A,A,0,,Y,,,Y,,-,"- ",0,1,0,0,0,0,1,0,0,"- ","- ",38.546180725097656,-121.75279998779297,YOLO,DAVIS,-121.75279998779297,38.546188354492188
9739684,2024,2024-10-02,5701,2024-09-04,1031,226,1,3,5,5,5701,0,0,0,,0,001,"RUSSELL BL","LAKE BL",0.00,,Y,A,-,N,,,,,,,,,,N,2,0,1,2,A,-,09,21804,A,N,H,G,A,A,H,-,A,A,0,,Y,,,Y,,A,01,1,0,0,0,0,0,1,0,0,"- ","- ",38.546699523925781,-121.78928375244141,YOLO,DAVIS,-121.7894287109375,38.546710968017578
9743136,2024,2024-11-18,5701,2024-10-03,"819 ",239,5,4,5,5,5701,0,0,0,,0,002,"5TH ST","K ST",5.00,E,N,A,-,N,,,,,,,,,,Y,3,0,2,2,A,-,09,21802,A,N,D,C,A,A,H,-,A,A,0,,,,,Y,,A,01,0,2,0,0,0,0,0,0,0,"- ","- ",38.548271179199219,-121.73551940917969,YOLO,DAVIS,-121.73551940917969,38.548271179199219
9743241,2024,2024-11-21,5701,2024-10-29,"900 ",72,2,2,5,5,5701,0,0,0,,0,001,"ANDERSON RD","W 8TH ST",26.00,S,N,A,-,N,,,,,,,,,,Y,3,0,1,4,A,-,03,22350,,N,C,C,A,A,H,-,A,A,0,,,,,Y,,A,01,0,1,0,0,0,0,0,0,0,"- ","- ",38.550788879394531,-121.7586669921875,YOLO,DAVIS,-121.75869750976562,38.550727844238281
9743761,2024,2024-11-26,5701,2024-10-01,1027,251,4,2,5,5,5701,0,0,0,,0,002,"RICHARDS BL","1ST ST",200.00,S,N,A,-,N,,,,,,,,,,N,3,0,1,3,A,-,04,21703,,N,C,C,A,A,E,-,A,A,0,,,,,Y,,A,01,0,1,0,0,0,0,0,0,0,"- ","- ",38.541950225830078,-121.74067687988281,YOLO,DAVIS,-121.74015045166016,38.541622161865234
9743762,2024,2024-11-26,5701,2024-10-28,1645,245,8,1,5,5,5701,0,0,0,,0,004,"OLIVE DR","HICKORY LN",365.00,W,N,A,-,N,,,,,,,,,,N,3,0,1,2,A,-,17,22517,,N,H,G,A,A,H,-,A,D,0,,Y,,,Y,,-,,0,1,0,0,0,0,1,0,0,"- ","- ",38.543498992919922,-121.73587036132812,YOLO,DAVIS,-121.73706817626953,38.541858673095703
9747827,2024,2024-12-19,5701,2024-09-29,1117,122,7,7,5,5,5701,0,0,0,,0,003,"MACE BL","2ND ST",100.00,N,N,A,-,N,,,,,,,,,,N,3,0,3,3,A,-,03,22350,,N,C,C,A,A,H,-,A,A,0,,,,,Y,,D,22,0,3,0,0,0,0,0,0,0,"- ","- ",38.556568145751953,-121.69419860839844,YOLO,DAVIS,-121.69423675537109,38.556774139404297
9750413,2024,2024-11-21,5701,2024-07-07,1910,228,4,7,5,5,5701,0,0,0,,0,002,"F ST","E 8TH ST",0.00,,Y,A,-,N,,,,,,,,,,N,3,0,2,3,A,-,03,22350,,N,C,C,A,A,H,-,A,A,0,,,,,Y,,D,72,0,2,0,0,0,0,0,0,0,"- ","- ",38.551399230957031,-121.74201202392578,YOLO,DAVIS,-121.74208831787109,38.551383972167969
9751379,2023,2024-11-18,5701,2023-02-23,2128,19094,,4,5,5,5701,0,0,0,,0,,"5TH ST","G ST",250.00,E,N,B,-,N,,,,,,,,,,Y,1,1,0,1,A,-,03,22350,,N,E,I,A,A,H,-,C,D,0,,,,,Y,,A,01,0,0,0,0,0,0,0,0,0,"- ","- ",,,YOLO,DAVIS,-121.73909759521484,38.547645568847656
9751535,2024,2024-11-06,5701,2024-10-04,"920 ",122,3,5,5,5,5701,0,0,0,,0,001,"F ST","COVELL BL",449.00,S,N,A,-,N,,,,,,,,,,N,3,0,1,2,A,-,09,21804,A,N,H,G,A,A,H,-,A,D,0,,Y,,,Y,,L,04,0,1,0,0,0,0,1,0,0,"- ","- ",38.560779571533203,-121.74481964111328,YOLO,DAVIS,-121.74475860595703,38.559432983398438
9751744,2024,2024-11-08,5701,2024-10-14,1727,246,5,1,5,5,5701,0,0,0,,0,002,"EAST COVELL BL","L ST",16.00,E,N,A,-,N,,,,,,,,,,N,3,0,1,1,A,-,07,21658,A,N,E,I,A,A,H,-,A,A,0,,,,,Y,,A,01,0,1,0,0,0,0,0,0,0,"- ","- ",38.561111450195312,-121.73533630371094,YOLO,DAVIS,-121.73529052734375,38.561149597167969
9751745,2024,2024-11-08,5701,2024-10-13,"955 ",237,2,7,5,5,5701,0,0,0,,0,001,"SYCAMORE LN","STANFORD DR",0.00,,Y,A,-,N,,,,,,,,,,Y,2,0,1,2,A,-,08,22107,,N,H,G,A,A,H,-,A,D,0,,Y,,,Y,,A,01,1,0,0,0,0,0,1,0,0,"- ","- ",38.548450469970703,-121.76229095458984,YOLO,DAVIS,-121.76303863525391,38.549465179443359
9752773,2024,2024-11-07,5701,2024-10-01,1225,72,4,2,5,5,5701,0,0,0,,0,002,"E ST","5TH ST",0.00,,Y,A,-,N,,,,,,,,,,N,3,0,1,2,A,-,08,22107,,N,H,G,A,A,H,-,A,D,0,,Y,,,Y,,A,01,0,1,0,0,0,0,1,0,0,"- ","- ",38.547111511230469,-121.74214935302734,YOLO,DAVIS,-121.74220275878906,38.547126770019531
9752774,2024,2024-11-08,5701,2024-10-01,1402,239,4,2,5,5,5701,0,0,0,,0,002,"1ST ST","E ST",20.00,W,N,A,-,N,,,,,,,,,,N,3,0,1,2,A,-,17,21461,A,N,H,G,A,A,H,-,A,A,0,,Y,,,Y,,A,01,0,1,0,0,0,0,1,0,0,"- ","- ",38.541950225830078,-121.74067687988281,YOLO,DAVIS,-121.74076843261719,38.541946411132812
9757619,2024,2024-12-05,5701,2024-10-30,1150,127,4,3,5,5,5701,0,0,0,,0,002,"3RD ST","H ST",22.00,W,N,A,-,N,,,,,,,,,,N,3,0,2,2,A,-,21,22106,,N,B,C,A,A,H,-,A,D,0,,,,,Y,,J,48,0,2,0,0,0,0,0,0,0,"- ","- ",38.545070648193359,-121.73828887939453,YOLO,DAVIS,-121.73838806152344,38.545078277587891
9757725,2024,2025-01-06,5701,2024-11-13,2252,228,1,3,5,5,5701,0,0,0,,0,001,"EVENSTAR LN","ARLINGTON BL",0.00,,Y,A,-,N,,,,,,,,,,N,2,0,1,2,A,-,03,22350,,N,G,B,E,A,H,-,C,D,0,Y,,,,Y,,A,01,1,0,0,0,1,0,0,0,0,"- ","- ",38.547531127929688,-121.77810668945312,YOLO,DAVIS,-121.77817535400391,38.5474853515625
9758107,2024,2024-12-20,5701,2024-11-04,2144,236,2,1,5,5,5701,0,0,0,,0,001,"ANDERSON RD","SUNSET CT",130.00,N,N,A,-,N,,,,,,,,,,N,4,0,1,2,A,-,08,22100,B,N,H,G,A,A,H,-,C,D,0,,Y,,,Y,,A,01,0,0,1,0,0,0,1,0,0,"- ","- ",38.549369812011719,-121.75832366943359,YOLO,DAVIS,-121.75872039794922,38.549285888671875
9758108,2024,2024-12-20,5701,2024-11-01,1440,110,4,5,5,5,5701,0,0,0,,0,002,"B ST","2ND ST",0.00,,Y,A,-,N,,,,,,,,,,N,3,0,1,2,A,-,09,21802,A,N,H,G,A,A,H,-,A,A,0,,Y,,,Y,,L,04,0,1,0,0,0,0,1,0,0,"- ","- ",38.542659759521484,-121.74434661865234,YOLO,DAVIS,-121.74434661865234,38.542690277099609
9758168,2024,2024-12-20,5701,2024-11-04,1537,222,7,1,5,5,5701,0,0,0,,0,003,"COVELL BL","MONARCH LN",530.00,E,N,A,-,N,,,,,,,,,,Y,4,0,3,1,A,-,03,22350,,N,E,I,A,A,H,-,A,A,0,,,,,Y,,I,12,0,0,3,0,0,0,0,0,0,"- ","- ",38.564189910888672,-121.70948791503906,YOLO,DAVIS,-121.71274566650391,38.563911437988281
9759967,2024,2025-01-21,5701,2024-10-25,1700,250,4,5,5,5,5701,0,0,0,,0,002,"1ST ST","B ST",0.00,,Y,A,-,N,,,,,,,,,,N,3,0,1,2,A,-,03,22411,,N,H,G,A,A,H,-,A,A,0,,Y,,,Y,,L,04,0,1,0,0,0,0,1,0,0,"- ","- ",38.541561126708984,-121.74288940429688,YOLO,DAVIS,-121.74398803710938,38.541347503662109
9759977,2024,2025-03-28,5701,2024-09-20,1644,225,9,5,5,5,5701,0,0,0,,0,004,"CHILES RD","MACE BL",875.00,W,N,A,-,N,,,,,,,,,,N,3,0,1,2,A,-,09,21801,A,N,B,C,A,A,H,-,A,D,0,,,Y,,Y,,A,01,0,1,0,0,0,0,0,0,1,"- ","- ",38.550548553466797,-121.69735717773438,YOLO,DAVIS,-121.69746398925781,38.550926208496094
9762761,2024,2024-12-31,5701,2024-11-22,1413,237,1,5,5,5,5701,0,0,0,,0,001,"ARLINGTON BL","RUSSELL BL",0.00,,Y,B,C,N,,,,,,,,,,N,4,0,1,2,A,-,09,21801,A,N,D,C,A,B,H,-,A,D,0,,,,,Y,,A,01,0,0,1,0,0,0,0,0,0,"- ","- ",38.5465087890625,-121.77622985839844,YOLO,DAVIS,-121.77754211425781,38.546947479248047
9765012,2025,2025-02-20,5701,2025-01-12,1919,256,4,7,5,5,5701,0,0,0,,0,002,"RUSSELL BL","A ST",0.00,,Y,A,-,N,,,,,,,,,,Y,2,0,2,2,A,-,09,21801,,N,D,C,A,A,H,-,C,A,0,,,,,Y,,A,01,1,1,0,0,0,0,0,0,0,"- ","- ",38.546169281005859,-121.74774932861328,YOLO,DAVIS,-121.74776458740234,38.546180725097656
9766109,2024,2025-03-07,5701,2024-01-31,1935,250,6,3,5,5,5701,0,0,0,,0,003,"POLE LINE RD","MOORE BL",0.00,,Y,A,-,N,,,,,,,,,,Y,3,0,1,2,A,-,01,23152,A,N,C,C,A,A,H,-,C,A,0,,,,,Y,Y,A,01,0,1,0,0,0,0,0,0,0,"- ","- ",38.570388793945312,-121.73068237304688,YOLO,DAVIS,-121.73075103759766,38.57037353515625
9766302,2025,2025-03-03,5701,2025-02-05,"157 ",239,5,3,5,5,5701,0,0,0,,0,002,"5TH ST","L ST",18.00,E,N,A,-,N,,,,,,,,,,Y,4,0,1,1,A,-,01,23152,A,N,E,I,A,B,H,-,C,A,0,,,,,Y,Y,A,01,0,0,1,0,0,0,0,0,0,"- ","- ",38.54840087890625,-121.73442840576172,YOLO,DAVIS,-121.73442840576172,38.548480987548828
9767243,2025,2025-04-24,5701,2025-03-13,"830 ",228,7,4,5,5,5701,0,0,0,,0,003,"MACE BL","ALHAMBRA DR",0.00,,Y,A,-,N,,,,,,,,,,N,3,0,4,2,A,-,03,22350,,N,C,C,A,A,H,-,A,A,0,,,,,Y,,D,22,0,3,1,0,0,0,0,0,0,"- ","- ",38.558841705322266,-121.69405364990234,YOLO,DAVIS,-121.69419860839844,38.558826446533203
9768745,2024,2025-01-31,5701,2024-12-05,"842 ",260,8,4,5,5,5701,0,0,0,,0,004,"RIALTO LN","MONTGOMERY AV",462.00,S,N,A,-,N,,,,,,,,,,N,3,0,1,2,A,-,05,21650,,N,H,G,A,A,H,-,A,D,0,,Y,,,Y,,D,22,0,1,0,0,0,0,1,0,0,"- ","- ",38.538421630859375,-121.71575164794922,YOLO,DAVIS,-121.71607971191406,38.537738800048828