CASE_ID,ACCIDENT_YEAR,PROC_DATE,JURIS,COLLISION_DATE,COLLISION_TIME,OFFICER_ID,REPORTING_DISTRICT,DAY_OF_WEEK,CHP_SHIFT,POPULATION,CNTY_CITY_LOC,SPECIAL_COND,BEAT_TYPE,CHP_BEAT_TYPE,CITY_DIVISION_LAPD,CHP_BEAT_CLASS,BEAT_NUMBER,PRIMARY_RD,SECONDARY_RD,DISTANCE,DIRECTION,INTERSECTION,WEATHER_1,WEATHER_2,STATE_HWY_IND,CALTRANS_COUNTY,CALTRANS_DISTRICT,STATE_ROUTE,ROUTE_SUFFIX,POSTMILE_PREFIX,POSTMILE,LOCATION_TYPE,RAMP_INTERSECTION,SIDE_OF_HWY,TOW_AWAY,COLLISION_SEVERITY,NUMBER_KILLED,NUMBER_INJURED,PARTY_COUNT,PRIMARY_COLL_FACTOR,PCF_CODE_OF_VIOL,PCF_VIOL_CATEGORY,PCF_VIOLATION,PCF_VIOL_SUBSECTION,HIT_AND_RUN,TYPE_OF_COLLISION,MVIW,PED_ACTION,ROAD_SURFACE,ROAD_COND_1,ROAD_COND_2,LIGHTING,CONTROL_DEVICE,CHP_ROAD_TYPE,PEDESTRIAN_ACCIDENT,BICYCLE_ACCIDENT,MOTORCYCLE_ACCIDENT,TRUCK_ACCIDENT,NOT_PRIVATE_PROPERTY,ALCOHOL_INVOLVED,STWD_VEHTYPE_AT_FAULT,CHP_VEHTYPE_AT_FAULT,COUNT_SEVERE_INJ,COUNT_VISIBLE_INJ,COUNT_COMPLAINT_PAIN,COUNT_PED_KILLED,COUNT_PED_INJURED,COUNT_BICYCLIST_KILLED,COUNT_BICYCLIST_INJURED,COUNT_MC_KILLED,COUNT_MC_INJURED,PRIMARY_RAMP,SECONDARY_RAMP,LATITUDE,LONGITUDE,COUNTY,CITY,POINT_X,POINT_Y
9768754,2024,2025-01-28,5701,2024-08-31,"351 ",250,4,6,5,5,5701,0,0,0,,0,002,"1ST ST","E ST",102.00,W,N,A,-,N,,,,,,,,,,N,3,0,1,3,A,-,01,23152,A,N,A,E,A,A,H,-,C,A,0,,,,,Y,Y,A,01,0,1,0,0,0,0,0,0,0,"- ","- ",38.542129516601562,-121.74121856689453,YOLO,DAVIS,-121.74104309082031,38.541889190673828
9768888,2025,2025-01-29,5701,2025-01-01,1840,240,3,3,5,5,5701,0,0,0,,0,001,"ANDERSON RD","ALVARADO AV",65.00,N,N,A,-,N,,,,,,,,,,Y,3,0,1,1,A,-,01,23152,A,N,E,I,A,A,H,-,C,D,0,,,,,Y,Y,A,01,0,1,0,0,0,0,0,0,0,"- ","- ",38.562679290771484,-121.75858306884766,YOLO,DAVIS,-121.75859069824219,38.562000274658203
9768962,2024,2025-01-30,5701,2024-12-26,2130,256,4,4,5,5,5701,0,0,0,,0,002,"A ST","3RD ST",0.00,,Y,C,-,N,,,,,,,,,,N,3,0,1,2,A,-,"- ",,,N,H,G,A,B,H,-,C,A,0,,,,,Y,,A,01,0,1,0,0,0,0,0,0,0,"- ","- ",38.543560028076172,-121.74701690673828,YOLO,DAVIS,-121.74700927734375,38.543552398681641
9773621,2024,2025-01-09,5701,2024-09-08,1116,225,4,7,5,5,5701,0,0,0,,0,002,"8TH ST","OAK ST",50.00,W,N,A,-,N,,,,,,,,,,N,2,0,1,2,A,-,08,22107,,N,H,G,A,A,H,-,A,A,0,,Y,,,Y,,L,04,1,0,0,0,0,0,1,0,0,"- ","- ",38.550701141357422,-121.75199890136719,YOLO,DAVIS,-121.75287628173828,38.550739288330078
9776527,2024,2025-01-21,5701,2024-12-26,2116,258,2,4,5,5,5701,0,0,0,,0,001,"ANDERSON RD","SUNSET CT",0.00,,Y,C,-,N,,,,,,,,,,Y,4,0,1,1,A,-,03,22350,,N,E,I,A,B,H,-,C,D,0,,,,,Y,,A,01,0,0,1,0,0,0,0,0,0,"- ","- ",38.548828125,-121.75952911376953,YOLO,DAVIS,-121.75872039794922,38.548927307128906
9776528,2024,2025-01-21,5701,2024-12-30,1813,246,4,1,5,5,5701,0,0,0,,0,002,"E ST","5TH ST",32.00,N,N,A,-,N,,,,,,,,,,N,3,0,2,2,A,-,09,21802,A,N,D,C,A,A,H,-,C,A,0,,,,,Y,,A,01,0,2,0,0,0,0,0,0,0,"- ","- ",38.547111511230469,-121.74214935302734,YOLO,DAVIS,-121.74221801757812,38.547214508056641
9776529,2024,2025-01-21,5701,2024-12-02,1507,226,4,1,5,5,5701,0,0,0,,0,002,"F ST","3RD ST",0.00,,Y,B,-,N,,,,,,,,,,N,2,0,1,2,A,-,10,21950,A,N,G,B,B,A,H,-,A,A,0,Y,,,,Y,,A,01,1,0,0,0,1,0,0,0,0,"- ","- ",38.544601440429688,-121.7403564453125,YOLO,DAVIS,-121.74033355712891,38.544742584228516
9776539,2024,2025-01-28,5701,2024-11-08,1113,259,3,5,5,5,5701,0,0,0,,0,001,"F ST","E F ST",188.00,N,N,A,-,N,,,,,,,,,,N,3,0,1,1,C,-,18,,,N,H,A,A,A,H,-,A,D,0,,,Y,,Y,,-,"- ",0,1,0,0,0,0,0,0,1,"- ","- ",38.573429107666016,-121.74729156494141,YOLO,DAVIS,-117.89553070068359,34.005672454833984
9776541,2024,2025-03-28,5701,2024-11-29,2104,250,4,5,5,5,5701,0,0,0,,0,002,"RUSSELL BL","A ST",0.00,,Y,A,-,N,,,,,,,,,,Y,2,0,3,1,A,-,03,22350,,N,E,I,A,A,H,-,C,A,0,,,,,Y,,A,01,1,2,0,0,0,0,0,0,0,"- ","- ",38.546169281005859,-121.74774932861328,YOLO,DAVIS,-121.74776458740234,38.546180725097656
9776542,2024,2025-01-21,5701,2024-11-16,1503,225,4,6,5,5,5701,0,0,0,,0,002,"F ST","4TH ST",55.00,S,N,A,-,N,,,,,,,,,,N,3,0,2,3,A,-,10,21950,A,N,G,B,B,A,H,-,A,D,0,Y,,,,Y,,A,01,0,2,0,0,2,0,0,0,0,"- ","- ",38.546009063720703,-121.74069976806641,YOLO,DAVIS,-121.74065399169922,38.545883178710938
9776543,2024,2025-01-21,5701,2024-11-26,"730 ",239,7,2,5,5,5701,0,0,0,,0,003,"5TH ST","CANTRILL DR",0.00,,Y,B,-,N,,,,,,,,,,N,3,0,1,1,A,-,03,22350,,N,F,A,A,B,H,-,B,D,0,,,Y,,Y,,C,02,0,1,0,0,0,0,0,0,1,"- ","- ",38.551528930664062,-121.72135925292969,YOLO,DAVIS,-121.72007751464844,38.551540374755859
9777198,2025,2025-02-18,5701,2025-01-15,"655 ",243,9,3,5,5,5701,0,0,0,,0,004,"COWELL BL","ENSENADA DR",0.00,,Y,A,-,N,,,,,,,,,,N,3,0,1,2,A,-,12,22450,A,N,G,B,B,A,H,-,A,A,0,Y,,,,Y,,A,01,0,1,0,0,1,0,0,0,0,"- ","- ",38.547870635986328,-121.69954681396484,YOLO,DAVIS,-121.69953918457031,38.547847747802734
9777199,2025,2025-02-18,5701,2025-01-08,"654 ",221,8,3,5,5,5701,0,0,0,,0,004,"RICHARDS BL","1ST ST",185.00,S,N,A,-,N,,,,,,,,,,Y,3,0,1,1,A,-,03,22350,,N,E,I,A,A,H,-,C,A,0,,,,,Y,,A,01,0,1,0,0,0,0,0,0,0,"- ","- ",38.540809631347656,-121.73863220214844,YOLO,DAVIS,-121.74019622802734,38.541645050048828
9777200,2025,2025-02-18,5701,2025-01-18,1800,256,1,6,5,5,5701,0,0,0,,0,001,"WEST COVELL BL","LAKE BL",0.00,,Y,A,-,N,,,,,,,,,,N,3,0,1,2,A,-,03,22350,,N,C,C,A,A,H,-,C,D,0,,,,,Y,,A,01,0,1,0,0,0,0,0,0,0,"- ","- ",38.561019897460938,-121.77940368652344,YOLO,DAVIS,-121.78614807128906,38.561130523681641
9777559,2024,2025-03-04,5701,2024-12-04,"850 ",221,5,3,5,5,5701,0,0,0,,0,002,"5TH ST","G ST",275.00,E,N,A,-,N,,,,,,,,,,N,4,0,1,2,D,-,00,,,M,H,G,A,A,H,-,A,D,0,,Y,,,Y,,-,"- ",0,0,1,0,0,0,1,0,0,"- ","- ",38.547000885009766,-121.73799896240234,YOLO,DAVIS,-121.739013671875,38.547660827636719
9777573,2025,2025-03-07,5701,2025-02-10,1515,242,5,1,5,5,5701,0,0,0,,0,002,"2ND ST","KENDALL WAY",275.00,W,N,A,-,N,,,,,,,,,,N,3,0,1,2,A,-,08,22107,,F,H,G,A,A,G,-,A,D,0,,Y,,,Y,,L,04,0,1,0,0,0,0,1,0,0,"- ","- ",38.546421051025391,-121.72908782958984,YOLO,DAVIS,-121.72739410400391,38.546237945556641
9777587,2024,2025-03-03,5701,2024-01-31,1826,222,1,3,5,5,5701,0,0,0,,0,001,"JONES JOHN RD","LYNDELL TER",781.00,N,N,A,-,N,,,,,,,,,,Y,2,0,1,1,A,-,01,23152,A,N,E,I,A,A,H,-,D,D,0,,,,,Y,Y,A,01,1,0,0,0,0,0,0,0,0,"- ","- ",38.568038940429688,-121.76820373535156,YOLO,DAVIS,-121.76911926269531,38.56378173828125
9777597,2025,2025-03-03,5701,2025-01-15,"848 ",251,4,3,5,5,5701,0,0,0,,0,002,"2ND ST","B ST",0.00,,Y,A,-,N,,,,,,,,,,N,3,0,1,2,A,-,12,22450,A,N,G,G,A,A,H,-,A,D,0,,Y,,,Y,,L,04,0,1,0,0,0,0,1,0,0,"- ","- ",38.542659759521484,-121.74434661865234,YOLO,DAVIS,-121.74434661865234,38.542690277099609
9779738,2025,2025-03-03,5701,2025-01-29,2055,246,5,3,5,5,5701,0,0,0,,0,002,"J ST","5TH ST",20.00,N,N,A,-,N,,,,,,,,,,N,3,0,1,2,A,-,09,21802,A,N,D,C,A,A,H,-,C,A,0,,,,,Y,,A,01,0,1,0,0,0,0,0,0,0,"- ","- ",38.548080444335938,-121.73663330078125,YOLO,DAVIS,-121.73664093017578,38.548133850097656
9780519,2025,2025-03-19,5701,2025-02-27,1730,221,4,4,5,5,5701,0,0,0,,0,002,"A ST","7TH ST",0.00,,Y,A,-,N,,,,,,,,,,N,3,0,1,2,A,-,09,21800,A,N,H,G,A,A,H,-,A,A,0,,Y,,,Y,,D,22,0,1,0,0,0,0,1,0,0,"- ","- ",38.549331665039062,-121.74774169921875,YOLO,DAVIS,-121.74772644042969,38.549339294433594
9780520,2025,2025-03-19,5701,2025-02-21,1819,221,DAVIS,5,5,5,5701,0,0,0,,0,007,"2ND ST","FARADAY AV",1860.00,E,N,A,-,N,,,,,,,,,,N,2,0,1,1,A,-,03,22350,,N,H,G,A,A,H,-,C,D,0,,Y,,,Y,Y,L,04,1,0,0,0,0,0,1,0,0,"- ","- ",38.555419921875,-121.69718170166016,YOLO,DAVIS,-121.69968414306641,38.552597045898438
9780521,2025,2025-03-18,5701,2025-02-21,1651,221,4,5,5,5,5701,0,0,0,,0,002,"6TH ST","B ST",13.00,E,N,A,-,N,,,,,,,,,,N,3,0,1,2,A,-,08,22107,,N,D,C,A,A,H,-,A,D,0,,,Y,,Y,,A,01,0,1,0,0,0,0,0,0,1,"- ","- ",38.546421051025391,-121.74542236328125,YOLO,DAVIS,-121.74576568603516,38.547817230224609
9782874,2025,2025-02-27,5701,2025-01-27,1031,1084,,1,5,5,5701,0,0,0,,0,,"HUTCHINGS DR","RT 113",20.00,N,N,A,-,Y,YOL,3,113,-,R,0.375,R,4,N,Y,4,0,2,3,A,-,12,21453,A,N,A,C,A,A,H,-,A,A,0,,,,,Y,,A,07,0,0,2,0,0,0,0,0,0,"- ","- ",,,YOLO,DAVIS,-121.76829528808594,38.536182403564453
9783194,2025,2025-02-26,5701,2025-01-15,"836 ",259,7,3,5,5,5701,0,0,0,,0,003,"MACE BL","2ND ST",15.00,N,N,A,-,N,,,,,,,,,,N,2,0,1,2,A,-,09,21453,C,N,H,G,A,A,H,-,A,A,0,,Y,,,Y,,L,04,1,0,0,0,0,0,1,0,0,"- ","- ",38.556568145751953,-121.69419860839844,YOLO,DAVIS,-121.69423675537109,38.556541442871094
9794721,2025,2025-03-26,5701,2025-03-08,1454,265,5,6,5,5,5701,0,0,0,,0,002,"J ST","5TH ST",0.00,,Y,A,-,N,,,,,,,,,,N,4,0,2,2,A,-,09,21802,A,N,D,C,A,A,H,-,A,D,0,,,,,Y,,A,07,0,0,2,0,0,0,0,0,0,"- ","- ",38.548080444335938,-121.73663330078125,YOLO,DAVIS,-121.73662567138672,38.548080444335938
9794722,2025,2025-03-26,5701,2025-03-01,"15  ",253,4,6,5,5,5701,0,0,0,,0,002,"1ST ST","D ST",20.00,E,N,A,-,N,,,,,,,,,,N,3,0,1,1,A,-,01,23152,A,N,E,I,A,A,H,-,C,D,0,,,,,Y,Y,A,01,0,1,0,0,0,0,0,0,0,"- ","- ",38.541751861572266,-121.74178314208984,YOLO,DAVIS,-121.74169158935547,38.541763305664062
9798028,2025,2025-05-27,5701,2025-04-23,1343,242,4,3,5,5,5701,0,0,0,,0,002,"OAK AV","COVELL BL",530.00,S,N,A,-,N,,,,,,,,,,Y,3,0,5,3,A,-,03,22350,,N,C,C,A,A,H,-,A,D,0,,,,,Y,,A,08,0,5,0,0,0,0,0,0,0,"- ","- ",38.559291839599609,-121.7509765625,YOLO,DAVIS,-121.75224304199219,38.559295654296875
9798068,2025,2025-05-27,5701,2025-04-14,1325,263,5,1,5,5,5701,0,0,0,,0,002,5TH,"J ST",0.00,,Y,A,-,N,,,,,,,,,,Y,4,0,1,2,A,-,09,21802,A,N,D,D,A,A,H,-,A,A,0,,,,,Y,,A,07,0,0,1,0,0,0,0,0,0,"- ","- ",38.548080444335938,-121.73663330078125,YOLO,DAVIS,-121.73662567138672,38.548080444335938
9798541,2025,2025-06-05,5701,2025-04-07,1508,265,9,1,5,5,5701,0,0,0,,0,004,"MACE BL","CHILES RD",19.00,N,N,A,-,N,,,,,,,,,,N,3,0,1,2,A,-,00,21650,A,M,D,G,A,A,H,-,A,A,0,,Y,,,Y,,L,04,0,1,0,0,0,0,1,0,0,"- ","- ",38.550491333007812,-121.69447326660156,YOLO,DAVIS,-121.69447326660156,38.550521850585938
9800662,2025,2025-04-25,5701,2025-03-31,"824 ",5003,,1,5,5,5701,0,0,0,,0,UCD,"HUTCHINSON DR","RT 113",20.00,S,N,A,-,Y,YOL,3,113,-,R,0.623,R,1,S,N,3,0,1,2,A,-,12,21453,A,N,D,G,A,A,H,-,A,A,0,,Y,,,Y,,-,"- ",0,1,0,0,0,0,1,0,0,"- ","- ",,,YOLO,DAVIS,-121.76847839355469,38.539756774902344
9801861,2025,2025-04-21,5701,2025-03-04,1640,240,2,2,5,5,5701,0,0,0,,0,001,"ANDERSON RD","VILLANOVA DR",160.00,S,N,A,-,N,,,,,,,,,,N,2,0,1,2,D,-,00,,,M,H,G,A,A,H,-,A,D,0,,Y,,,Y,,-,"- ",1,0,0,0,0,0,1,0,0,"- ","- ",38.556159973144531,-121.75858306884766,YOLO,DAVIS,-121.75859832763672,38.555751800537109
9801862,2025,2025-04-21,5701,2025-03-11,1617,242,5,2,5,5,5701,0,0,0,,0,002,"8TH ST","L ST",0.00,,Y,A,-,N,,,,,,,,,,N,3,0,1,2,A,-,09,21801,A,N,H,G,A,A,H,-,A,A,0,,Y,,,Y,,A,01,0,1,0,0,0,0,1,0,0,"- ","- ",38.552799224853516,-121.73478698730469,YOLO,DAVIS,-121.73480224609375,38.552776336669922
9801863,2025,2025-04-21,5701,2025-03-17,1500,122,4,1,5,5,5701,0,0,0,,0,002,"5TH ST","D ST",150.00,W,N,B,-,N,,,,,,,,,,N,3,0,1,2,A,-,08,22107,,N,B,C,A,A,H,-,A,D,0,,Y,,,Y,,L,04,0,1,0,0,0,0,1,0,0,"- ","- ",38.546920776367188,-121.74324798583984,YOLO,DAVIS,-121.74375152587891,38.546859741210938
9801864,2025,2025-04-21,5701,2025-03-10,1201,226,2,1,5,5,5701,0,0,0,,0,001,"ANDERSON RD","VILLANOVA DR",0.00,,Y,A,-,N,,,,,,,,,,N,3,0,1,2,A,-,09,21801,A,N,H,G,A,A,H,-,A,A,0,,Y,,,Y,,A,01,0,1,0,0,0,0,1,0,0,"- ","- ",38.556159973144531,-121.75858306884766,YOLO,DAVIS,-121.75859069824219,38.556190490722656
9801865,2025,2025-04-21,5701,2025-03-08,1716,259,2,6,5,5,5701,0,0,0,,0,001,"ANDERSON RD","VILLANOVA DR",0.00,,Y,A,-,N,,,,,,,,,,N,3,0,2,2,A,-,09,21801,,N,A,C,A,A,H,-,A,A,0,,,,,Y,,A,01,0,2,0,0,0,0,0,0,0,"- ","- ",38.556159973144531,-121.75858306884766,YOLO,DAVIS,-121.75859069824219,38.556190490722656
9801866,2025,2025-04-21,5701,2025-03-10,1910,242,5,1,5,5,5701,0,0,0,,0,002,"5TH ST","J ST",0.00,,Y,A,-,N,,,,,,,,,,N,3,0,1,2,A,-,09,21802,A,N,D,C,A,A,H,-,B,A,0,,,,,Y,,A,01,0,1,0,0,0,0,0,0,0,"- ","- ",38.548080444335938,-121.73663330078125,YOLO,DAVIS,-121.73662567138672,38.548080444335938
9801867,2025,2025-04-21,5701,2025-03-06,"824 ",221,8,4,5,5,5701,0,0,0,,0,004,"COWELL BL","DREW AV",25.00,E,N,A,-,N,,,,,,,,,,Y,3,0,1,2,A,-,03,22350,,N,C,C,A,A,H,-,A,A,0,,,,,Y,,A,01,0,1,0,0,0,0,0,0,0,"- ","- ",38.547489166259766,-121.70443725585938,YOLO,DAVIS,-121.72705078125,38.539882659912109
9802426,2025,2025-04-18,5701,2025-03-18,1700,246,8,2,5,5,5701,0,0,0,,0,004,"RICHARDS BL","OLIVE S",50.00,N,N,A,-,N,,,,,,,,,,N,3,0,2,2,A,-,03,22350,,N,C,C,A,A,H,-,A,A,0,,,,,Y,,A,01,0,2,0,0,0,0,0,0,0,"- ","- ",38.540809631347656,-121.73863220214844,YOLO,DAVIS,-121.73873901367188,38.540882110595703
9802427,2025,2025-04-18,5701,2025-03-15,1500,244,6,6,5,5,5701,0,0,0,,0,003,"POLE LINE RD","LOYOLA DR",0.00,,Y,A,-,N,,,,,,,,,,Y,3,0,1,2,A,-,16,24002,,N,C,E,A,A,H,-,A,A,0,,,Y,,Y,,C,02,0,1,0,0,0,0,0,0,1,"- ","- ",38.557491302490234,-121.72767639160156,YOLO,DAVIS,-121.72770690917969,38.5574951171875
9802428,2025,2025-04-18,5701,2025-03-12,1456,240,8,3,5,5,5701,0,0,0,,0,004,"COWELL BL","RESEARCH PARK DR",45.00,E,N,B,-,N,,,,,,,,,,Y,3,0,1,2,A,-,17,21228,,N,A,C,A,B,H,-,A,A,0,,,Y,,Y,,C,03,0,1,0,0,0,0,0,0,1,"- ","- ",38.539871215820312,-121.72712707519531,YOLO,DAVIS,-121.73123168945312,38.539958953857422
9802842,2025,2025-05-02,5701,2025-02-09,2245,60,2,7,5,5,5701,0,0,0,,0,001,"RUSSELL BL","ANDERSON RD",0.00,,Y,A,-,N,,,,,,,,,,Y,3,0,2,2,A,-,12,21457,A,N,D,D,A,A,H,-,C,A,0,,,,,Y,,A,01,0,1,1,0,0,0,0,0,0,"- ","- ",38.546379089355469,-121.75882720947266,YOLO,DAVIS,-121.75875854492188,38.546405792236328
9805739,2025,2025-05-22,5701,2025-03-31,1617,240,3,1,5,5,5701,0,0,0,,0,001,"RUSSELL BL","CALIFORNIA AV",0.00,,Y,A,-,N,,,,,,,,,,Y,3,0,3,2,A,-,09,21801,A,N,D,C,A,A,H,-,A,D,0,,,,,Y,,A,01,0,3,0,0,0,0,0,0,0,"- ","- ",38.546298980712891,-121.7540283203125,YOLO,DAVIS,-121.7540283203125,38.546188354492188
9805740,2025,2025-05-22,5701,2025-02-02,1648,250,1,7,5,5,5701,0,0,0,,0,001,"HUMBOLDT AV","ARTHUR ST",0.00,,Y,C,-,N,,,,,,,,,,Y,2,0,1,1,A,-,01,23152,A,N,E,I,A,B,H,-,B,D,0,,,,,Y,Y,D,22,1,0,0,0,0,0,0,0,0,"- ","- ",38.552719116210938,-121.77115631103516,YOLO,DAVIS,-121.77079010009766,38.553001403808594
9805833,2025,2025-05-14,5701,2025-04-08,2116,264,3,2,5,5,5701,0,0,0,,0,001,"COVELL BL","SYCAMORE LN",0.00,,Y,A,-,N,,,,,,,,,,Y,3,0,2,2,A,-,08,22107,,N,A,C,A,A,H,-,C,A,0,,,,,Y,,D,22,0,2,0,0,0,0,0,0,0,"- ","- ",38.560909271240234,-121.76381683349609,YOLO,DAVIS,-121.76383209228516,38.560798645019531
9805834,2025,2025-05-12,5701,2025-03-30,1300,244,9,7,5,5,5701,0,0,0,,0,004,"CHILES RD","EL CEMONTE AV",1425.00,E,N,A,-,N,,,,,,,,,,N,3,0,1,2,A,-,00,20001,A,M,D,C,A,A,H,-,A,D,0,,,,,Y,,D,22,0,1,0,0,0,0,0,0,0,"- ","- ",38.553699493408203,-121.68724060058594,YOLO,DAVIS,-121.68778991699219,38.554069519042969
9805955,2025,2025-05-08,5701,2025-03-22,"614 ",259,2,6,5,5,5701,0,0,0,,0,001,"ANTIOCH DR","OAK AV",71.00,W,N,A,-,N,,,,,,,,,,N,3,0,1,2,A,-,03,22350,,N,C,E,A,A,H,-,D,D,0,,Y,,,Y,,L,04,0,1,0,0,0,0,1,0,0,"- ","- ",38.553028106689453,-121.75267791748047,YOLO,DAVIS,-121.7529296875,38.553043365478516
9805956,2025,2025-05-08,5701,2025-03-22,"0   ",260,4,6,5,5,5701,0,0,0,,0,002,"2ND ST","G ST",141.00,W,N,A,-,N,,,,,,,,,,N,3,0,1,2,A,-,21,22106,,N,G,B,D,A,H,-,C,D,0,Y,,,,Y,,A,01,0,1,0,0,1,0,0,0,0,"- ","- ",38.543628692626953,-121.7388916015625,YOLO,DAVIS,-121.73937225341797,38.543552398681641
9805957,2025,2025-05-15,5701,2025-03-23,"750 ",259,1,7,5,5,5701,0,0,0,,0,001,"RUSSELL BL","RT 113",128.00,W,N,A,-,Y,YOL,3,113,-,R,0.924,R,4,N,Y,3,0,1,2,A,-,03,22350,,N,C,C,A,A,H,-,A,D,0,,,,,Y,,A,01,0,1,0,0,0,0,0,0,0,"- ",NF,38.546218872070312,-121.76799774169922,YOLO,DAVIS,-121.76801300048828,38.544113159179688
9805958,2025,2025-05-08,5701,2025-03-25,1223,239,5,2,5,5,5701,0,0,0,,0,002,"5TH ST","F ST",0.00,,Y,A,-,N,,,,,,,,,,N,3,0,1,2,A,-,08,22107,,N,H,G,A,A,H,-,A,A,0,,Y,,,Y,,A,07,0,1,0,0,0,0,1,0,0,"- ","- ",38.548080444335938,-121.73663330078125,YOLO,DAVIS,-121.74108123779297,38.547306060791016
9814001,2025,2025-06-20,5701,2025-04-20,1539,258,5,7,5,5,5701,0,0,0,,0,002,5TH,"J ST",0.00,,Y,A,-,N,,,,,,,,,,Y,3,0,3,2,A,-,09,21802,A,N,A,C,A,A,H,-,A,D,0,,,,,Y,,A,01,0,3,0,0,0,0,0,0,0,"- ","- ",38.548080444335938,-121.73663330078125,YOLO,DAVIS,-121.73662567138672,38.548080444335938
9826487,2025,2025-07-01,5701,2025-05-04,1456,253,9,7,5,5,5701,0,0,0,,0,004,"LA VIDA WY","COWELL BL",0.00,,Y,A,-,N,,,,,,,,,,N,3,0,1,2,A,-,08,22107,,N,H,G,A,A,H,-,A,D,0,,Y,,,Y,,A,07,0,1,0,0,0,0,1,0,0,"- ","- ",38.548118591308594,-121.70365142822266,YOLO,DAVIS,-121.70323944091797,38.548053741455078
9829286,2025,2025-06-26,5701,2025-04-24,2033,240,3,4,5,5,5701,0,0,0,,0,001,"RUSSELL BL","ANDERSON RD",20.00,E,N,A,-,N,,,,,,,,,,N,3,0,1,2,A,-,04,21703,,N,C,C,A,A,H,-,C,A,0,,,Y,,Y,,C,02,0,1,0,0,0,0,0,0,1,"- ","- ",38.546550750732422,-121.75849151611328,YOLO,DAVIS,-121.75868988037109,38.546405792236328
9831653,2025,2025-07-31,5701,2025-02-06,1907,265,1,4,5,5,5701,0,0,0,,0,001,"COVELL BL","RT 113",0.00,,Y,A,-,Y,YOL,3,113,-,R,1.896,R,4,N,N,3,0,1,2,A,-,17,21451,B,N,D,C,A,A,H,-,C,A,0,,,,,Y,,A,01,0,1,0,0,0,0,0,0,0,"- ","- ",38.560909271240234,-121.76699829101562,YOLO,DAVIS,-121.76768493652344,38.558204650878906
9832694,2025,2025-07-17,5701,2025-06-14,"203 ",256,2,6,5,5,5701,0,0,0,,0,001,"RUSSELL BL","SYCAMORE LN",0.00,,Y,A,-,N,,,,,,,,,,Y,3,0,2,2,A,-,01,23152,A,N,C,C,A,A,H,-,C,A,0,,,,,Y,Y,A,01,0,2,0,0,0,0,0,0,0,"- ","- ",38.546279907226562,-121.76181793212891,YOLO,DAVIS,-121.76181793212891,38.546298980712891
9871536,2025,2025-08-05,5701,2025-06-25,2245,38,8,3,5,5,5701,0,0,0,,0,004,"OLIVE DR","RICHARDS BL",0.00,,Y,A,-,N,,,,,,,,,,N,2,0,1,2,A,-,09,21801,A,N,H,G,A,A,H,-,C,A,0,,Y,,,Y,,A,01,1,0,0,0,0,0,1,0,0,"- ","- ",38.540809631347656,-121.73863220214844,YOLO,DAVIS,-121.73858642578125,38.540809631347656
9871698,2025,2025-08-12,5701,2025-02-24,1210,260,5,1,5,5,5701,0,0,0,,0,002,"I ST","4TH ST",10.00,W,N,A,-,N,,,,,,,,,,N,3,0,1,2,A,-,09,21802,A,N,D,C,A,A,H,-,A,A,0,,,,,Y,,A,01,0,1,0,0,0,0,0,0,0,"- ","- ",38.546588897705078,-121.73735046386719,YOLO,DAVIS,-121.73735046386719,38.546627044677734